SMILES,DFT_cv
CC1COC2CCCCCC12,42.005
OCC1CC2CCCC1CC2,42.041
CC1CCC2OCCCCC12,42.063
CC1CCC2CCOCCC12,42.069
CCN(C)CNNOC(C)C,42.071
CCC1CC2COOCCC12,42.081
CC1COCC(CO)N2CC12,42.084
CCC1CC2COCCC1C2,42.113
COCC1OCOCCC1O,42.14
OCC1CC2CCCCCC12,42.162
CC1CCC2CCCCOC12,42.169
NC1=NC(O)C=NC=NN=N1,42.197
CC1CCCC2CCCC2O1,42.209
CC1COCC2CN(C)CC12,42.243
Cc1cn(NCCCN)nn1,42.249
CC1CCC2CCCC2CO1,42.263
CC1CCC(=O)OCCC1O,42.268
COC12CCC(C)C1CCO2,42.268
O=CCCOOC1CCCC1,42.271
CC1COCC1C1CCCC1,42.29
CCC1CC2OOCCCC12,42.313
CC1CC1CC1OCCCO1,42.335
CC1C2CC(COCC=O)C12,42.376
CCCCC1=NCN(N)N=N1,42.391
CCCCC1=NCN(N)N=N1,42.391
OC12CCCCOCC1CC2,42.417
CC1COC2C(CON)CC12,42.44
CC1COOC2C(C)CCC12,42.454
CCC1OC1C1CCCCO1,42.455
CCC1OC2CCCCC1C2,42.461
CCC1C2CCCCC1OC2,42.464
NC1(NOC=O)CCCCC1,42.487
CC1CCCCC(=O)ONC1,42.487
CCC1CCCC2OCCC12,42.487
C#CCCC1CCOCCO1,42.513
CCC1CC2CCCOC1C2,42.514
CCC1C2CCCOC1CC2,42.52
CCC12CCCOC1CCC2,42.529
CN1CCCCNC(C#N)C1,42.542
CN1CCCCOC1CC=O,42.546
CC1=CC=NCNC(=N)N=N1,42.557
CC1CC(=O)C(C)C2CCC12,42.57
O=CCC1COCC1CCO,42.572
CCC1CC2COCC2C1O,42.574
COCCC1OCC2C(O)C12,42.576
CC1CC2COCC(C)C2N1,42.581
C#CCCCC1COOC1O,42.59
O=CCCC1CCCCOC1,42.597
CC1COCC2CC(N)CC12,42.614
CCC1C(C)C2CC(O)C1O2,42.617
CC1COCC2C(CO)CC12,42.62
OCCC1CC2OC2C1CO,42.637
CCCC1CCOCC12CO2,42.655
COCC12CCC(O)C1CC2,42.661
CC1CCC(CC#N)COC1,42.666
CC1CCOC1C1CCCC1,42.677
COC1CCCC1OCC=O,42.686
CNC1COC1CNNC=O,42.689
CC#CCOCC1CCCO1,42.696
CCC1=CC2CCCCC1C2,42.712
CC1CCC2CCC1CNC2,42.733
NN1CC(COO)OCCO1,42.736
CCC12CC(C)OCC1CO2,42.737
CN1CCCCOOOOC1,42.739
C#CCCOCC1CCCO1,42.745
CC1CC2C(C)COOCC12,42.746
CC1C2CCC1C(COO)C2,42.749
COC1CCC(C)C1CC=O,42.749
O=CC(O)COCC1CCC1,42.756
CC1COCC2C(N)CCC12,42.757
CC1COCCC1NCC=O,42.757
C#CC(C)C1OCC1CC=O,42.758
CN(C=O)C1OCC1CCO,42.772
O=CCOCC1CCCCC1,42.784
CC1CCCOOCOOC1,42.787
CC1CCCOOCOOC1,42.787
CC1CCCCOC(=O)CC1,42.82
CCCCC(=N)C1OCCO1,42.842
CC1OOCC2(CNN)CC12,42.861
C=C(C=O)CC1CCCC1O,42.869
O=CCOC1CCCC1CO,42.885
CCN1CC2CCC2C1OO,42.902
COC1CC2CCCCCC21,42.905
CC1CCC2CCNC2CC1,42.909
CCC1CCOCC2CC1C2,42.914
CC1CCC2CCC1C(O)C2,42.915
CC1COC2(CONN)CC12,42.937
COC1C2CCC(C)C1NC2,42.937
CC1(COC=O)CCCC1O,42.938
CC1CCC2CCNCCC12,42.95
CN=CNC=NN(N)CC#N,42.955
CC1CCCCC2COC2C1,42.963
CCC1OCC(COCO)O1,42.969
CC1CCCCN1NNN=N,42.972
CC1(C#N)CCCCNNN1,42.974
CC1(C#N)CCCCNNN1,42.974
CCC1CCOCOCCO1,42.983
OCCCCOC1C2CC1C2,42.985
CCC1CC2COCC2C1C,42.987
CCC1CC2COCCNC12,43.003
CC(C)OC1COCC1C=O,43.006
CCC1CC2CCOC1C2O,43.006
CC1C=C2CCC2CC1CO,43.034
CCC1CC2COCCCC12,43.042
CCC1C2CC3C2CC13CC,43.046
NCOCC1CCC(=O)CC1,43.071
CCC1CCOOCC2CC12,43.073
CCC1CC2OCCCCC12,43.076
CCC1C2CCOC1C(C)C2,43.082
CC1CCC2C(CO)CC2O1,43.087
CCCCOCC1C2CC1O2,43.094
COCC12CCC1C(C)CO2,43.105
CC1CC2COCC(C)C2C1,43.118
CC1CC2CCOCCCC12,43.119
CN(C)OC1COC1CC=O,43.129
CC1COCC2(C)CCC1C2,43.13
OCC1C2CCC(COO)C12,43.131
OCCC1COCC=C1CO,43.131
C=COCC1C=C(CO)CC1,43.136
CCC1CC2CCOCCC12,43.136
CCC12CC(COOC1C)C2,43.137
CCC1=C2OCC2C1CCO,43.156
CC1CC2OCCC(C)C2C1,43.159
CC1CCC2CC(C)C(C1)O2,43.165
CC1CCCCC1NNC#N,43.177
CC1CCCCOC2CCC12,43.189
CCCCN1N=NC(C)=CO1,43.215
CCC1CCC2NCCC2C1,43.216
CCC1CC2CCCCOC12,43.24
CCC1OCC(C)C2CC2O1,43.244
CC1COCC2C(C)CCC12,43.251
CCC1COCOCCCO1,43.252
CCC1CC2CCNNCC12,43.278
CC1OCOCOC(O)C1C,43.281
CC1COCC2(CON)CC12,43.295
O=CCOCCCOCC=O,43.315
CC1CC2CC(O)CCC1C2,43.328
CCC1C2CCCC1(CO)O2,43.337
CC1CCC2C(C)OCCC12,43.34
CC1C2CCCCC(O)CC12,43.345
COC1CC(COO)C1C=O,43.357
CC1(COOO)CCCOO1,43.358
CC1(COOO)CCCOO1,43.358
CCC1CC2C(C)CCC2O1,43.371
CC1C=CCC2(C)CCC1C2,43.376
CCCCOC12CCCC1O2,43.382
O=CC1CC(COCCO)C1,43.388
C#CCC(O)ON1CCCC1,43.393
C=CC1OCOC1CN(C)C,43.402
COCC1OCCCC1OO,43.405
COC1CCC(O)C1CC=O,43.432
CC1CCC2CCC(O)C2C1,43.436
COCCOCCCOOO,43.451
CC1COCC2(C)CCCC12,43.46
CC1CCC=COOOCC1,43.466
CCC1CC2CC2C(C)C1=O,43.467
CC(=O)C1COC(CCO)C1,43.468
CC1OCC1CCC1CCN1,43.477
COCC1CCOCC1CO,43.486
CC(C)C1COOC1CC=O,43.488
CCCN1C2=CCCCCN21,43.516
CC1CCCC2(C)CCOC12,43.522
CC1CC2C(C)NOCCC12,43.524
CCC1=CC2CCCC1C2O,43.528
CC#CCOCC1CCCN1,43.547
COCCC1COOC1CO,43.548
CC1CCCCOCOOC1,43.559
CCOCC1COC1C1CC1,43.579
CC1CCC2OC(C)C2CC1,43.586
CC1COC2(CCOO)CC12,43.587
CCC1COCOCC1OO,43.604
C=C1CCOC(C)CCOC1,43.607
C#CCC(COC1CO1)OC,43.608
CCC#CC1CCCCCC1,43.622
CC1(CC=O)CCCCOC1,43.624
CC1CCCCOC1CC=O,43.628
CC#CCCCC1CCCN1,43.629
CC#CCC(O)C1CCCO1,43.629
CCC1=C(COCOO)CO1,43.636
COCOCC1(C)CCOO1,43.645
CC(C=O)NNC1CCNC1,43.665
CCC12CCC1OOC(C)C2,43.673
C=C1N=CCCCCC1CN,43.674
CCCC1C2CCNNNC12,43.693
CC1C(CC=O)CNNN1C,43.693
CC1COCC2(CNN)CC12,43.703
C=C1CCOC(C)CCCO1,43.724
CC1CCC1OC1CCCC1,43.729
CC1CCC2C(COO)CC12,43.735
CC1COCC(N)C1CC=O,43.751
CCCCC1CCOOCO1,43.753
O=CCC1CC1OCCOO,43.762
NCOCC12CCC(O)C1C2,43.768
COCCC(=O)OCC1CC1,43.778
CCCCCOOCCC=O,43.783
CC1CCCCOOOOC1,43.794
COC1C(C)C2CCC2C1O,43.797
O=CCC1CCCCC1CO,43.807
CCC12CCCC1C(C)CO2,43.81
CC1C2CCC(O)C1C2CO,43.81
CCC#CC1CNCC1CC,43.831
CCCCC(N)=NN=CNC,43.838
CCC1CC=CC2CC2CC1,43.854
COC1NCC(C)C1CC=O,43.855
CCC1CC2(O)CCC1CC2,43.855
N#CC1CCCCCNC1N,43.857
C1CCC(C2CCCC2)CC1,43.863
CCC1CC2COOC1C2C,43.873
CCC1CC2CC(O2)C1CC,43.878
COC(C)OC1CCCCO1,43.882
CC1CCC2C(C)CC2CO1,43.884
CN1CCCC2(C)CCCC12,43.884
CCCCn1cc(NC)cn1,43.886
C#CCNOC(O)C1CCC1,43.899
CC1CCC2CNC2CN1C,43.9
C1CCCCC2CC2CCC1,43.912
CC1CC2OCC(C1C)C2C,43.912
C1CCCC2CCC2CCC1,43.913
O=CCCC1CCCCC1O,43.917
CC1C2COC(CCO)CC12,43.92
CC1CC2NCCCC2C1C,43.927
COC1CCC(C)OCCO1,43.947
CNC(CN=N)NNCC#N,43.948
CNC(CN=N)NNCC#N,43.948
CC#CCC1CCCCOC1,43.955
CCCC1C2COCOC12C,43.956
CCC1OC2CC2CCC1O,43.961
CC(C)OCC1OCCCO1,43.971
CCCCCCCOOOO,43.978
CCCCCCCOOOO,43.978
CNCN1CNCC(C)=CO1,43.989
CNCN1CNCC(C)=CO1,43.989
CCOCC12CC1C(C)CO2,43.993
CC1COCC(COCO)C1,43.994
C#CC1CCC(C)NNNN1,44.002
CC1CCC2CCC2OC1C,44.002
CC1C2CCCC(OO)CC12,44.007
O=CCCCCNNNC=O,44.007
CC1CC2CC2CCCCO1,44.007
CC1CC(C)C2C(C)COC12,44.009
CCCC1COC1N(C)C=O,44.029
O=CC(C=O)COCCCO,44.03
CCC12CCCC1(C)COC2,44.036
CCC1OCC2(COO)CC12,44.036
CCC1OCC1CNCC=O,44.043
CC1CCC(COCO)CO1,44.045
CCC1CCOCCCC1=N,44.045
NNNCC1NC(N)C2CC12,44.045
C#CCOCC(N)CNC#N,44.047
CC1COCC2C(CCN)C12,44.051
CNCC1CCCC2CCC21,44.054
C#CCCC1CCCOCC1,44.065
CC1CCCCOC1C1CC1,44.071
COC1CCCCOCC1O,44.082
CC1CCCCCC(C#N)C1,44.084
O=CC1CCCC1CCCO,44.102
CCCOC1CCOCC1O,44.105
CCCCC1C2CCC1C2C,44.112
CCCC1C2CCCCOC12,44.112
NC1(COOCC=O)CCC1,44.117
COC1CCOCC(C)OC1,44.12
CCC1CC2CCNCCC12,44.13
CC#CC(O)CCOC1CO1,44.145
C#CC1CCNC(CNN)C1,44.146
CCCCOC1(C#N)CCN1,44.151
CCC12CCCCC1CCC2,44.155
N=CC1CCCCCCNC1,44.157
CCC1CCCCOC2CC12,44.161
CCC12CCCCOCC1C2,44.161
CC1CCC=COOCCC1,44.166
CCC1C2CCC1(CO)CC2,44.166
CCCC=C1CCOCC1O,44.166
CC1CCC1CC1CCNC1,44.172
CC12CCCC1C(COO)C2,44.178
CCC1OCCCOCC1O,44.178
CC(CO)CC1OCCCO1,44.187
CCC1CCC(O)C2CCC12,44.19
CC1CCCC(O)C2CCC12,44.191
CC1CCCCCNC(=N)N1,44.192
CC1CCC2(COO)CCC12,44.195
CCC1CCC2CC2CCO1,44.21
CNNC=CCCC(=O)C=O,44.213
CNC1(C)OCCCC1C=O,44.216
CCC1OCC1CC1CCC1,44.217
CC1CCCC2CC(CO)C12,44.219
CCCOC1CCC2OC12C,44.224
CCC(=O)COCCC1CO1,44.232
CC1CC2C(O)CCCCC12,44.241
CCC12CCCCOC1CC2,44.248
CNNC1NC1CCNC=O,44.249
C#CCC1CCCCCC1=C,44.268
CC1CCC(O)C(OO)C1O,44.275
OC1CCCCCC2CC2C1,44.28
CC1CCC2(CONN)CC12,44.289
CCC1C2CNNNC(C)C12,44.294
CC1C(O)OC(COO)C1O,44.298
CCC12CCCC1C(O)CC2,44.302
C#CC(C#N)OCCCCO,44.305
CC1C2CCCC(OO)C1C2,44.306
CN(C)CC1NNC1CC=O,44.307
CCC1C2CCCC1C2OO,44.309
CC1CCCC=COOCC1,44.313
CCC1CC2CCCCNC12,44.313
CC1CCCC1OC1CC1O,44.323
CCOCC1COCC1CO,44.332
C#CCCOCC1CCCC1,44.332
CC1CCC2C(C)C1C2OO,44.333
CN1CCCCCOOCC1,44.338
O=CCCCCOOC1CC1,44.34
OCCCC1CCOCC1O,44.34
O=CCCCC1CCCCC1,44.35
CCN1CCCCCNC1=N,44.361
CCN1CCCCCNC1=N,44.361
COCC1CC2C(C)CCC12,44.369
CC1CCC2(C)COC1C2C,44.369
CCC1CCCC1C(C)C=O,44.381
COCCOC1CCC(C)O1,44.385
C#CCCC1OCNC1CC,44.388
CCC1COCC(O)C1OO,44.392
CC(C)CC1OCCCC1=O,44.399
CCC1C2CCCCC(O)C12,44.4
CC(CCC=O)C1CC1OO,44.402
CC1CCN(C=COOO)C1,44.403
COC1OCCCCCC1O,44.406
CC1CCCCCNN1C=N,44.409
CCC1CC2CC2CC1OO,44.411
COCC1CC(C)CCOO1,44.415
CCC1CCC(C)OCC1=O,44.422
CCC1OCCOCC1CO,44.43
CC1COCCC(C)OOC1,44.444
CCNOC(C#CC#N)CN,44.446
CNCCC1OCC1C1CC1,44.447
CC1COC2(CCCO)CC12,44.45
CC(C)C1CNNC1CC=O,44.458
CCCCC(O)C1OCCO1,44.469
CCNC(C=O)OC1CCC1,44.475
CCOCCC1OCCC1O,44.484
CCC1CCC(=CCO)OC1,44.484
CC1CCCOCCCOC1,44.494
CCCCC12COC1C2OO,44.498
CC1COCC(CO)CCO1,44.502
CCCCCC1COC2CC12,44.531
CC1COCC(COO)C1O,44.542
CCC12CCC(CO)C(C1)C2,44.553
CCC1CC(COO)C2CC12,44.561
CC1CCCC2(COO)CC12,44.562
C#CCC(COC1CN1)OC,44.576
COC1CCCC(O)COC1,44.576
CNCCOC(=O)OCCO,44.588
CC1COCC(OO)C1CO,44.589
CCCC1OCCOCC1O,44.589
CC1(CCCOO)OCCO1,44.591
OCCC1C(CO)COC1O,44.592
CC1OCC(CCC=O)C1C,44.593
CC1CCCC1C1CCCC1,44.61
CCCOOC1(C)COOC1,44.613
CC1CC(C)C(C2CCC2)O1,44.618
CC1C2CCCC(O)CCC12,44.62
CNCC(C#N)CC1CCC1,44.62
CC1C(O)CC2CCC1C2C,44.632
CCNC1CCOCCC1O,44.634
CCCC1C(O)COC12CC2,44.635
C#CC1CCCC1CCOO,44.644
CC1OCC1CCOCOO,44.647
CC1OCC1CCOCOO,44.647
C#CCC(C)COCCC=O,44.647
CCC1NCC1OCC1CC1,44.649
CCC1CC1C1COC1CO,44.663
COC1CC(C)CC1CC=O,44.673
CC1CCCCC2CCCC12,44.674
CC#CCCC1CCCNC1,44.675
CC1CCCCC2CCC2C1,44.675
CC1CCCC2CCCC2C1,44.675
CC#CC=CCC1CCCC1,44.681
CNCC(CC=O)OCC=O,44.684
C#CC1CC(C=O)C1CCC,44.684
CCC1CCC(O)CCC1=O,44.693
CCC1=C(O)CCCCCO1,44.696
CC1C2CCC(O)CC(O)C12,44.697
CC1CCOCCC(O)C1O,44.699
COCC1(O)CCC2C(C)C21,44.7
CC1CCCC2C(O)C2CC1,44.701
CCC#CCC(O)C1CCO1,44.703
CCC1CC2CCCCC12O,44.705
OCCCCC1CCC2CC12,44.715
C#CC1CNNCC1CCC,44.717
C#CC1CNNCC1CCC,44.717
CCC1COCN(C)CCO1,44.721
CC1CCCCCOCCO1,44.73
CCCC12CCC(C)C1CO2,44.74
CCC1=C(CO)CC1CC=O,44.741
CN(C=N)CNCCCC#N,44.746
CC=NCNCN(N)CC#N,44.753
CCC12CCCC(O)C1CC2,44.761
CCC1C(O)COC1COO,44.767
CC(C)NC1NNC1CC=O,44.771
CCC1OCC(O)C1COO,44.776
O=CCCCCCNNC=O,44.777
CNN1CCCCOCCC1,44.781
CNC1(CC=O)CCCCC1,44.787
C#CCCC#CCCCC=O,44.788
CCC1CCOC(C)C2CC12,44.791
CCCC=C1COCCC1O,44.804
C#CC1CCCCCC1CO,44.805
CC1CCCCCCN1C=N,44.806
CC1CCCCCCN1C=N,44.806
C#CC1CC1COCCOO,44.807
COCC12CC1C(C)C2OO,44.81
CCCCOC1CCC(O)O1,44.811
C#CC1CCCC(CCC)O1,44.816
CC1CCCCCC(C=O)C1,44.829
CC1=CCCCCCCOC1,44.83
CC1COC(COCCO)C1,44.843
CC1CCOCCCCCO1,44.854
CC1CCCCC2CC2(C)C1,44.863
CCCCCC1CNCC1=O,44.871
CC(CO)C1COCC1OO,44.875
CC(C)NC1NCCC1C=O,44.876
CCC1C2CCCC12COO,44.879
CC1CCC2C(C)C2CCO1,44.888
CC1CC1C(O)CC1CCO1,44.892
CC(C)OCOC1CC1C=O,44.895
CC1=C2C(CCCN)=CCC12,44.895
CC1COCCC(COO)C1,44.897
CC1CCCCOCCCO1,44.897
CCCOC=C1C2C(CO)C12,44.899
C#CCOCC(C=O)CNN,44.9
COC=CC1(C)CCCCO1,44.902
CC1CCC2CC2(C)COC1,44.903
CCC1CCC2CC(C)CC12,44.914
CC1CC(CCC=O)C1OO,44.92
CCC1CCOCC(OO)C1,44.921
CN1C=CN(N)CCCCC1,44.923
CN1C=CN(N)CCCCC1,44.923
C#CC1CCCC1=CNCC,44.924
C#CC1CCCC1=CNCC,44.924
CC1CC2C(C)NCCCC12,44.938
CC1CCCCCCCC1=O,44.938
CCOC1CCCCOCC1,44.945
CCCCCC1OCCCO1,44.946
CC(C)CC1ONC1CC=O,44.949
CCC1CC(COO)C1C=O,44.955
CC1C2CCCCCN(N)C12,44.956
CC1C2CCCCCN(N)C12,44.956
CCCC=CC12CCCC1C2,44.957
COCCC1OC12CCC2C,44.957
CCC1OC(C)CC1CC=O,44.969
CCC12CCC1CCCC2O,44.97
C#CC1CCCC(CCO)C1,44.976
CCCCC1CCOCCO1,44.978
NNCC1C=CCCCCC1,44.98
CC1CCOCC(OO)CC1,44.984
C#CC(=C)CC(O)C1CCC1,44.992
CCC12CC(C1)C2CCOO,44.992
CCCCC1COCCCO1,44.999
COCCOCC1OC1CO,44.999
CC(COOC=O)OCCO,45
CCC#CCC1CCCC1O,45
CC1CC2C(C)C(O)CCC12,45.003
CCCCOC1CCOCC1,45.004
CC(C)CCOC1NCCO1,45.015
CC1CC(CCOO)C1C=O,45.02
COC1CCCCC(OO)C1,45.023
C#CC1COCC1CCCC,45.031
O=CCCCCCCC1CC1,45.039
CCCCCC1COCCO1,45.04
CCC1C2CCCCC12OO,45.041
CC1CCCCCC2(C)CC12,45.043
CC1CCC(OO)CCOC1,45.044
CC1CCCC(OO)C(O)C1,45.052
CCC1CCCCCCC1=O,45.054
CCC1CCCCOCCO1,45.054
CCC#CC(C)C1CCCO1,45.057
CC#CCC1CCCCNC1,45.058
CCCC1CCOCCCO1,45.059
CCCC1(C)COCC2CC21,45.062
C#CCCC1CCCNCC1,45.065
CN(CO)CCCOOC=O,45.068
CN(CO)CCCOOC=O,45.068
CN(CO)CCCOOC=O,45.068
CCC1CCCCOC1OO,45.078
CCCCOC1CCCOC1,45.08
CC1CCC(COO)C12CC2,45.081
CCC1OC(OC)CCC1O,45.088
C#CCC1CCNCNC1C,45.088
CNNCC(N=CC#N)NC,45.09
C=CC(C)C1OCC1COO,45.094
CC=NN=NC(=N)CNCC,45.105
CCC1CCCOCCCO1,45.105
O=CC1CCC1CCCCO,45.106
CCCCOC12CCC1CC2,45.125
NNNC=C1CCCCCC1,45.13
NNNC=C1CCCCCC1,45.13
CCCC1CCCOCCO1,45.133
CNC1=C(O)C(C)CCCC1,45.148
CC1CCC(COO)COC1,45.15
COCC1CC(O)CC1OO,45.159
CC1CCC(COO)CCO1,45.164
COCCC1CCC(O)C1O,45.167
CC1CCCC(COO)CO1,45.172
CC1CCCCC(O)CCO1,45.174
CC1CC(CCO)CC2CC12,45.18
CCC1CCCC=CC1OO,45.189
CCCC1CCOCC1OO,45.192
CCCCNCC1CCC=N1,45.193
CC(CO)OCC1OCC1O,45.198
CCC1=CC(OCCO)CC1,45.2
CCC12CCC1C(COO)C2,45.203
CCCCOC1CNCC1O,45.213
COCCC1COCCC1C,45.217
CC1CCC1COCC1CC1,45.217
CC1CCCNC2CC2CC1,45.222
C#CC(C)CCOCC1CO1,45.224
COC1OCCC(O)CC1C,45.228
CCCCCCCOOC=O,45.231
CC1COCCCOCC1C,45.235
CCC1N=C(NNNN)N1C,45.235
CC1C=CCOC(C)C1CO,45.236
COC1CC1CC(C=O)CO,45.237
CC1CC(O)CCCCCO1,45.242
CCC12CC1(C)CCCCO2,45.242
CCNC=CCOCC1CO1,45.253
CCCCOCC1COC1O,45.256
CC(C=O)COCCCC=O,45.257
C#CCOC1(C)CCCCC1,45.258
CCC#CCCCC1CNN1,45.262
COC1(CC=O)CCCC1C,45.264
CC1CCC(OO)CCCO1,45.264
CCNC1(N)NCOC1CO,45.269
COCCOC(C#N)CCO,45.272
CC#CC(C)CC1CCCO1,45.278
OCCC1CCCOCCC1,45.278
CCC1CC2(OO)CC2N1C,45.279
OCC1CCC(O)C1COO,45.28
CC(C)CC1CNCC1C=O,45.283
CC1CCOCOC(C)CC1,45.288
CC1(CO)CCCC2CC2C1,45.295
CC(C=O)CCOCCC=O,45.305
OCC1CCCCCCCO1,45.317
C#CC1CCC(C)C1COO,45.322
CCC1COC2CC2C1CC,45.325
CC1CCC2(C)CCCCC12,45.333
CCOC1CC1NCCC=O,45.337
CCCCC1OCC(O)C1O,45.342
CCCCCOC1CCOC1,45.351
CC(CNOC=O)OCCO,45.354
CCCC1(O)CCCCOO1,45.355
O=CCCCOCOCCO,45.365
CCC1COC(C)COC1O,45.37
CN(C)C1NNNC1CCO,45.372
C#CCC(C)OC1CCCC1,45.376
CCCCCCC1OCCO1,45.381
CC1CC2C(C)CCCCC12,45.389
CCC1C(C)C(C)CC2OC21,45.392
CC1CCCC(OOO)CC1,45.405
C#CC1(C)CCCCCCO1,45.41
C=C1CC(CCCC=O)C1C,45.41
CC#CCCOCOCOO,45.415
CN1CCCCC(COO)C1,45.416
CN1CCCCC(COO)C1,45.416
CN1CCCCC(COO)C1,45.416
CC1(CCC=O)CCCCC1,45.423
CC1(CCC=O)CCCCC1,45.423
CCCC1(O)CCCOOC1,45.423
CCCC1C(O)OCC1OC,45.431
CCC1CCCCCNC1=N,45.431
CC1CCCC(NNNN)N1,45.433
CC1CCCCCC2CC2C1,45.443
CNC(=O)C(C)COCC=O,45.445
CCOCC1COCC(C)C1,45.446
CCC1CC(=O)CC(O)C1C,45.449
CCOCC1CCCCC1O,45.452
CCOOCC1CC2C(C)C12,45.462
CNC1=C(OOO)C1CCO,45.476
CNC=NC(C#N)NCNC,45.482
CC1CCOCC(C)OCC1,45.483
C#CC1(COCC)CCCC1,45.49
CNC1CCC(C)C1CC=O,45.49
CCC1CCCC(O)C1OO,45.497
CC1CC(CCCOO)CO1,45.499
CCC1CNNC(=N)C1CC,45.499
CCC#CC(COO)COO,45.501
CCCCC(=O)C1CCCC1,45.505
CCC1CCOCC(CO)C1,45.518
CC(C)C1OCOC1CCO,45.521
CCCCCOOC1CNN1,45.529
CC1C(O)CCC2CCC21C,45.533
CCCCC1CCCOOC1,45.539
CC1C(C)C2(O)CCCCC12,45.539
C#CCC(O)CC1CCCC1,45.542
CC1CCCCCCOOC1,45.547
COCC1CCC(C)CCO1,45.547
C#CC#CCCCOCCO,45.55
CC(C)C1CCCCCC1=O,45.556
CCC1OCC1COCCO,45.558
CNC1(C=N)CCCCCC1,45.559
CNC1(C=N)CCCCCC1,45.559
COC1CCC(O)C(CO)C1,45.56
CCCCC(=O)OCC1CC1,45.561
CC1(CO)CCC(O)C1OO,45.573
CC1CCC(OOCCO)C1,45.574
CC1CCC(OOCCO)C1,45.574
CC1(COCOCOO)CC1,45.576
CC1(COCOCOO)CC1,45.576
CCC1CCC(O)OCC1O,45.584
C#CC1C(CC)CCOC1C,45.589
CC1=C(NCNN)CCCC1,45.59
CN=C=CCCCOOOO,45.592
CC(COCCOO)C1CO1,45.61
CCOC=CCC1OCC1C,45.611
CNC(=N)CNCCCC#N,45.612
CCCCC1CCCC2CC12,45.616
COCC#CCCCCC=O,45.618
CCC1CCOC(COC)C1,45.623
CC1CC(O)C(CC=O)C1C,45.623
CCC1OCCOCCC1C,45.629
CC(CCO)COCC(F)F,45.638
CCC1CCCCOCC1O,45.638
CCCCCCCC1OC1=O,45.641
CCCCC1CCOCC1O,45.641
CCCOCC1CCC(N)O1,45.641
CC1CCOCC(CO)CC1,45.644
CC1=C2C1CCCCC2(C)O,45.666
CCCCCC1CC2CNC12,45.667
CCCCCC1OCCC1C,45.668
CC1CC(CCOCCO)O1,45.67
CC1CCCCCCC1C=N,45.674
CNCC1CCCCCCO1,45.677
CCC1CC(OC)CCCO1,45.683
C#CCC(C)CC1CCNC1,45.688
CN(CO)CCOOCC=O,45.693
CCC(=O)OCC(C)CC=O,45.696
CCCC(CC)C(=C=O)C=O,45.699
CN(COCC=O)OCCO,45.704
CN(COCC=O)OCCO,45.704
CCC#CCCOCCC=O,45.705
CCCCC(C=O)C1CCN1,45.712
CCCC#CC1CCCC1O,45.715
CCC1OC(C)CN1COO,45.715
CC1CCC(C=CN)COC1,45.722
CCCC1CCNNC1OC,45.723
CC(C=O)CCCC(O)C=O,45.724
CC1CCC2C(C)C12COO,45.724
CC(CO)C1OCCC1CO,45.725
CC1COCC(C)C(OO)C1,45.734
COC1=CCCC(C)CCC1,45.741
CNC=NNCN(C)CN=N,45.744
CCCCC12CC1C(C)CO2,45.744
CCCOCC1CCCC1O,45.745
CCC1C2C(C)C1C2COO,45.747
CC1CCCC(COCO)C1,45.75
CCCCC1COC(C)CO1,45.752
CC1CCCC(O)COCC1,45.755
CCOCCCCCNC=O,45.762
CC(C)OC1(O)CCCOC1,45.783
CC1CCC(CO)CCOC1,45.785
CC1COCCC(CCO)C1,45.786
CCC1CCCOCC1CO,45.792
CC1CCCCCC1CC=N,45.798
CCCCC1OCCCC1O,45.813
CC1CCOCC(CCO)C1,45.82
CCC1CCCCC(O)OC1,45.833
CN(C)CNCC1CC1C=O,45.833
CCCC1CNC(C=N)N1C,45.839
CC(CCOC=O)OCCO,45.843
CC(CCOC=O)OCCO,45.843
CC(OO)C1CCCCNC1,45.859
CC(CO)C1CCNNNC1,45.862
CC(C)CCCC1OCCO1,45.869
CCNCN1CC2CCC21C,45.87
CCC(=O)C1CC1CCOO,45.872
CC1CC(C)(O)OCCCO1,45.874
CN(CO)CNNNCC=O,45.875
CCC1COCCCCC1O,45.877
C#CCC(COC)CN1CC1,45.889
CCOCC(O)C1CCCC1,45.894
CC1CCCC2C(C)C2C1O,45.896
CC1(C=O)C(O)C1CCOO,45.897
CCCC1CCN(NN)NN1,45.905
CC1C=CCCC(C)C1OO,45.908
CCCC#CCCOCC=O,45.916
CC1CCOC(C)CNNC1,45.92
COCC(OC)C1CCCC1,45.921
CCCCNC12CCCC1C2,45.926
CCC1(COC)CCOCC1,45.929
CCC1CC(C2CO2)C1CC,45.93
CC1CCCCCOCC1O,45.93
CC1CCCOCC(O)CC1,45.931
CC#CCCOC(CO)CO,45.932
COCC(C)C1CCCNC1,45.94
CCCC1C2CCC1C2(C)O,45.941
COC1CCC(O)C1CCO,45.943
CC=CNNC1CNC(C)C1,45.944
CCC1CCC(=CO)C1(C)O,45.944
COCCOCCOOOO,45.945
CC1(CCCOO)CCCO1,45.945
C=C(CC=O)OCCCCO,45.951
CCCCCC1NCCCO1,45.954
CC1CCC(O)CCCOC1,45.956
CCC1(C)OCOC1CCO,45.961
CCCCOC1OCCC1C,45.967
CC1CC=CC(CO)CCC1,45.971
C#CC(=C)CC1CC1CCO,45.971
COCCC1CCCCC1O,45.984
CN1CCCCCC1CON,45.985
CNCC(CC=O)CC=NO,45.988
COCCC(C)C1CCCO1,45.988
CC1CCCCCOC1CO,45.993
CC1CCCCC1OCCO,45.996
CC1CCCCN1CNNN,45.996
CC(C)C1COOC1CCO,45.998
COCC1CCCCCCC1,45.999
OCCCOC1CCC1CO,46.003
CCC1C(N)NOC1CCO,46.005
CN(C)OOC(C=O)COO,46.011
CCC1CC1CC1CCCC1,46.016
CC1CCCC(O)CCOC1,46.017
CCCC(OC)C1CCNN1,46.018
CCCCC1COCCC1O,46.021
CC1CCCOC(CCO)C1,46.023
CC1CCCOC(CCO)C1,46.024
CC1CCCOC(CCO)C1,46.024
CCCC(C=O)COC1CC1,46.024
CCC1CCC(O)CCCO1,46.025
CCC1=CCC1OCCCO,46.028
CC1CCOC(CCCO)C1,46.032
C#CCC1CCCCCC1C,46.037
COCCCC1CCC(C)O1,46.04
CC1CCC(C)(C=O)C1CO,46.043
CC1C(=O)C(CCOO)C1C,46.043
CC1CCCC(CO)CCO1,46.046
CCCCOC1COCC1C,46.048
C#CCCC(C)CCOC=O,46.049
CC1CCC(CCO)COC1,46.05
CCCOCCOCC1CN1,46.051
CC1CCCOC(CO)CC1,46.053
CC1CCCOC(CO)CC1,46.053
COCCOC1CCCC1C,46.053
C#CN(C#N)NCCCCC,46.057
CC1CCCC(CO)OCC1,46.063
CCCCCC1COCC1O,46.064
CCOCC1COC(CC)C1,46.068
CNCC(=O)COOCCO,46.068
CC1C(C)C2(COO)CCC12,46.073
COCC(OO)OCCOO,46.078
CCCC1CCCOC1CO,46.08
C1CCC2CCCC(C1)CC2,46.082
N=C(CCCO)COCOO,46.092
CC(C)C1(C=O)CCCCC1,46.092
CCCC1C(C)OOCN1C,46.104
CCC1CCCC(O)COC1,46.104
CC1CCCOOCC(C)C1,46.108
COCC1(C)CCCCCO1,46.11
COCOCC1(C)CCCC1,46.113
CCC1CCCOCCC1O,46.118
CCCCC(=O)COC1CC1,46.119
CCC1CCC(COCO)C1,46.121
CCCC1NC=CNC1NC,46.134
CCCCCCCCOC=O,46.137
COC1OC1(C)COCCO,46.138
CC1C2CC(CO)C12CCO,46.143
C=CN(C)C1CCC1COO,46.145
C#CCC1CCCCC(C)C1,46.149
CC1CCCCOCCCC1,46.153
CCC1OCCCCCC1O,46.156
CCN1CCCCC1COO,46.158
CCC1CC(OC)CCNN1,46.159
CCC1CCC(O)C(CO)C1,46.161
CC1C(OCCO)CCN1C,46.164
O=CCCCC1CC1CCO,46.165
CC(C=O)CCOC(C)C=O,46.166
C#CC1CCC(C)C1CCO,46.169
CCCCOC1CCNN1C,46.177
CCCCNOCC=CC=O,46.177
CCC1C2OC2CC1(C)CC,46.179
CC1COC1(O)CCCOO,46.187
CC1CCCC(C)C2CC2C1,46.192
CC1CCCC(C)C2CCC12,46.192
CC1CC(O)C(CCO)C1O,46.192
CC1CCCCC2C(C)C2C1,46.193
CC1CCCCC(O)C1OO,46.199
CCC1OCC(O)C1(C)OO,46.205
CCC1CCCC1COCO,46.207
COC1CCCCCCCC1,46.21
CC1CCC1CCOCOO,46.213
C#CCCC1CCCCC1C,46.217
C#CC(C)N1CC1CCOO,46.218
C#CC1C(C)CC1CCOO,46.221
CC(C)OC(C=O)CCC=O,46.223
CC#CCCCC1CCCC1,46.229
CC1CCCCC(C)OOC1,46.232
CCC1CNNC(C)C1OO,46.232
COCCC(O)C1CCCC1,46.242
CCC12CCC1(O)CCC2C,46.247
CC(C)CC1CCCCC1=N,46.249
CC(C)OOCOOOOO,46.254
COCCC(O)COCC=O,46.256
CC(F)COOCC(C)CF,46.257
CC(C)CC1NCC1CC=O,46.274
CC1CCC=CCCCCC1,46.282
CC1CCC(OO)C(CO)C1,46.286
CNNNCCC1OCC1C,46.29
CC1CC2CCCC(C)C2C1,46.294
CCCCNC1=CCCCC1,46.308
COCCOCC(C)CC#N,46.31
CC1CCCCCN1CNN,46.312
CNNNCCC1COC1C,46.313
CC1CCC(COCCO)C1,46.315
CCCCC(O)C1CNNC1,46.317
CC1CCCCCCCCO1,46.334
CCC1C(CO)CCON1C,46.338
CC1CNCC(N)C1COO,46.345
CCC12CC1(O)C2CCOO,46.351
COCC(CCCO)NC#N,46.356
C=C(CC)COCC1CCC1,46.357
CC1CC(N)COC1CCO,46.357
C#CC1C(C)CCC1CCO,46.358
CCCCOCC1CC(N)O1,46.364
COC(CCO)COCC=O,46.365
CC1CCCCNNC(O)C1,46.365
CCCC1(C)COCCCO1,46.367
CCCC1(NC=N)CCCC1,46.367
CN1CC(O)C1CCCOO,46.369
CCCCC=CC1CCCN1,46.371
C=C(CCCC)CC1CCO1,46.373
CC(CO)NC1OC1COO,46.373
C#CC1CCCCCC1CC,46.386
CC(=O)CCCCOOOO,46.391
CCCCC(O)C1CCCO1,46.393
CCCCC1OCCCN1C,46.402
CN(CCO)CNOCC=O,46.405
CC#CCCCOCCCO,46.412
CCCC1CCCN1NNN,46.412
CCCCCCCC1CCC1,46.414
CCCC1CCCCC1CC,46.414
CCC1CC(CCCOO)O1,46.416
C#CC1CCC1CCCCO,46.422
CC(O)COCCOCC=O,46.424
CC#CC1CCCCCC1C,46.429
CC1CC(COCCOO)C1,46.432
CCCCCC1OCCC1O,46.443
CC1CCCC(O)C(O)CC1,46.447
CC(COCC=O)OCCO,46.457
CC(COCC=O)OCCO,46.457
CC(COCC=O)OCCO,46.457
C#CCCNC(C)CNC=O,46.459
C#CC(N)CC1CC1COO,46.462
OC1CCCCCCCCC1,46.462
COCCCCCCCC=O,46.463
CCCCOCCOCOO,46.468
CC1CCCNC(O)CCC1,46.472
CCON(C)CONCC=O,46.477
COC1CC(C)OCCC1C,46.478
CC1CCCC(N)COCC1,46.48
COCCCOCC(N)C=O,46.48
CC1C=CC(CCCCO)C1,46.487
C#CCC(CCC1CC1)OO,46.491
CC1CCCCC1CCOO,46.5
CCC1CC(CC)C(O)CO1,46.502
CC1CCCCC(N)CCO1,46.512
CC(OCCCO)C1CCN1,46.524
CCCCOOCOOOO,46.528
COCCCOCN(C)CF,46.532
C#CCC(C)CC1CCCC1,46.537
CCCCCC1CCCOC1,46.538
CCCOCCOCCOO,46.55
CCCCC(C=O)C1CCC1,46.552
CC#CCCCC#CCOO,46.552
CCC1(C)COCC1COO,46.553
C#CC1(C)CCC(C)C1OO,46.556
CCCC1(O)CCCCOC1,46.558
CNC1(C)OCCCC1CO,46.569
COCC1CCCC(C)C1O,46.573
CCCC1(C)CCCOOC1,46.577
CC1CCCCOC(O)C1C,46.578
CCCCNC1CCCC1O,46.579
CC1CCNCC(C)OCC1,46.58
CCOCCCCCCC=O,46.582
CCNC=CCNN(N)C=O,46.587
CC1CCC2(CCCN)CC12,46.587
C#CCOCCCOCCO,46.591
CC1C(C)C(CC=O)C1CO,46.595
CCCC1CCNCC1OC,46.597
CCCC1CC(O)CC1OO,46.6
CCCCC1OOCC1CC,46.608
CCCCC(O)C1CCCN1,46.609
CCCCCC1CCCCO1,46.614
CC1COCC(CO)C(C)C1,46.621
CCN=CCNNN1CC1C,46.622
CCN=CCNNN1CC1C,46.622
CCC(C)C1COCN(C)C1,46.623
CCC12CCC(C)CCC1C2,46.625
CC1CCOC(C)CCNC1,46.63
CCC1CC1N1CC1CCO,46.632
CC1NCC(CO)C1CCO,46.634
CC1CCC(N)CCCCO1,46.635
CCC1CCCCOCC1N,46.638
CN(CNCCCC#N)NN,46.639
CC1CCC(CCCN)OC1,46.641
CCCCOC1CCCCC1,46.648
CCC1OC1OCCCCO,46.651
NC(CNCC=O)OCCO,46.656
CCC1CCC(O)C1COO,46.675
CCCCOC1(C)CCCO1,46.68
CCCCOCCC1OC1O,46.683
COCC(CC=O)CCOO,46.688
CCCCC(O)COC1CO1,46.693
CCCCCC1(C)OCCO1,46.695
CC1CCC(CCNN)NC1,46.699
COC1NCC1CCCCO,46.701
CCCC1OCCCCC1C,46.724
C#CC(CO)COCCOO,46.736
C#CC(CO)COCCOO,46.736
C#CC(CO)COCCOO,46.736
CCCC(CC)C1CCCN1,46.74
CCC1OC2COCC1C2C,46.74
C#CC(CCC=O)CCCO,46.742
CC1(COOCCOO)CC1,46.748
CC1(COOCCOO)CC1,46.748
CCC1CCC(COO)C1O,46.748
CC(CO)CNNOCC=O,46.751
COCCCCCOCC=O,46.759
CCCC(C)C1COCC1O,46.759
COC1CCC(C)C(O)CC1,46.76
CCC1CC2C(C)CC2C1C,46.761
CC1CCC(CCN)CCO1,46.767
CCCCC1CCC2C(C)C12,46.769
CCC(O)C1CNN1CCO,46.777
CCCCC1CC(O)C1OO,46.782
CCCC1(OCO)CCCC1,46.787
CCCCC(=O)CNC1CC1,46.787
CCCCC1NNCNC1C,46.788
C#CC1(CCC)CCCCC1,46.793
CCCCCC1CCCNN1,46.796
CC1CCCOC(CN)CC1,46.797
CC1CCCOC(CN)CC1,46.797
COCC1CCCCCC1C,46.8
CC1(COCOCCO)CC1,46.806
CCCCOCC1CCCC1,46.806
CCCCOC(OC)N1CC1,46.81
CCCCC=CC1NC1OO,46.811
CCCC=CC1CCCC1O,46.811
CCCC1CCCCC1OO,46.812
CC(CF)N(C)COOCO,46.813
CC1CCCCN(C)C1OO,46.818
CCCC(N)C1COCN1C,46.819
CC(CC=O)COCCOO,46.82
CCCCCOCOCC=O,46.824
CCCC1(CCOO)CC1=O,46.825
CCC1CCC(C)C(O)CO1,46.83
CC1CCCC(CCN)OC1,46.832
CCC1C(C)C#CC1COO,46.832
COC1CC(CO)C1CCO,46.834
CC1CCC(O)C(C)COC1,46.836
CC1CCCOC(C)CCC1,46.843
COCC1CCCCC(C)C1,46.844
CC1CCCC(O)C(C)CO1,46.852
CC(C)C1OCCCCC1O,46.86
CCCCCCCCOOO,46.87
CCC1OCCCCNC1C,46.877
CC(C)COOOOOCO,46.88
CC(C)COOOOOCO,46.88
CC1CCCNC(OO)CC1,46.88
CC1CCCOCCNC1C,46.89
CCNC1CC1CCCC=O,46.892
CC#CC(C)CC1CCCC1,46.9
CNCCC(=COO)C1CC1,46.904
CC1CCCC(CNNN)C1,46.91
CC#CCCCCNCC=O,46.91
C#CC1CCCC(C)CC1C,46.911
C#CCC(C#N)N(C)CCC,46.913
CCC1CCC(C)(COO)O1,46.915
CC1C(=O)C(CCCO)C1C,46.923
CN(CNCCCN)NC#N,46.928
CNNNC1CCCC(C)C1,46.93
CC1CCCC(C)COCC1,46.939
CC1CCCC(C)COCC1,46.939
CCCC(CC=O)CCC=O,46.944
CCCN1C(CC)C2C(O)C21,46.944
CN(COCCCO)OOO,46.945
COC1CCC(C)C1CCO,46.947
CC(C)CC=COOCC=O,46.956
CC(C)CC=COOCC=O,46.956
CC1C(CC=O)C1CCCO,46.968
CCC1CCCCC(OC)C1,46.978
COCC1CCCC(C)CC1,46.997
CC(CO)CCOOCC=O,46.999
CCC1CCCC1=CCNC,47.005
CCCCCCC1CCCO1,47.007
C=CC1(C)COCC1CCC,47.009
CC1CCCCCOCC1C,47.01
C=CN1C(CO)CC1CCC,47.012
CC(C)CC1CCC1CC=O,47.026
CN1CCCC(CN)CCC1,47.028
CC(F)C(C)COOCOO,47.029
CCCCCCOCC1CO1,47.031
CCC1CCCC1CCOO,47.046
COC=CCC(N)CCC=O,47.046
CC1CCCOCCC(C)C1,47.051
CCCC1COCCC(C)C1,47.059
CC1CCCCOCCC1C,47.06
CC1CCCCOCC(C)C1,47.06
CN1CCC1CCCCOO,47.063
CN1CCC1CCCCOO,47.063
CCCC(CCOO)C1CO1,47.066
CC1CCCOCC(C)CC1,47.068
CC1C(O)CC(O)C1CCO,47.068
CCC1C(O)CCCC1CO,47.07
COCCC(O)CC1CCC1,47.079
CN(CCCOOO)OCO,47.088
CCC1CCCC=CCC1C,47.093
CCCCCCCOC1CO1,47.097
CCCCCCC(=O)COC,47.105
CNC1C(O)CCC1CCO,47.105
CCCC1C(C)COC1CO,47.123
CC(C)CCC1OCCC1O,47.129
CCCCOCC1CN1CO,47.134
COC1CCCCC(C)CC1,47.139
CCCCC1C(C)C2CCC12,47.14
CCC1CCCCOCC1C,47.157
CCCCC1COCC(C)C1,47.165
CCCC1CC2CC(C)CC12,47.172
CC(CCCCOO)C1CO1,47.174
CN(CCCC=O)OCCO,47.184
CN(CCCC=O)OCCO,47.184
CCCOCC1CCC(N)C1,47.188
CCC(C)COCCCC=O,47.195
CC1CCCCC(C)OCC1,47.195
CC(C)CC1CCCOCC1,47.196
COC(CCO)CNCC=O,47.197
CCCCCOC1NC1OC,47.201
CC1CCC1CCOCCO,47.202
CC1(C=O)CC1(C)CCOO,47.202
CCCCC1OCC(C)C1O,47.214
NCNN=NC=CC(N)CN,47.215
C#CCNC1NC1CCCC,47.226
CCCC1C(C)NCC1OO,47.226
CCC#CC(CCO)OOO,47.231
CCCCCC1OCC1CO,47.231
CCCOCC1C2C(CC)C12,47.235
CC1CCC2C(C)C2C(C)C1,47.236
CCCC(CC)C1CCCC1,47.237
CC(O)COCOC(C)CF,47.244
CC(CNCC=O)OCCO,47.245
CC(CNCC=O)OCCO,47.245
CCC1CCCCC(CO)C1,47.259
CC1CCCCC1CCNN,47.259
CCC1=C(C)CCCCCC1,47.262
CNCN(C)NCCCC#N,47.265
CCC1CCCCC(C)OC1,47.269
CCCC1CC2CCC(C)C12,47.269
CCCCCC1CCC(N)O1,47.275
CCCCCCC1OCC1O,47.278
CCCCC1CNNCC1C,47.281
C#CC1CCC(C)C1(C)CO,47.285
CCCC1(O)COC1CCO,47.289
CC1CCCCOC(C)(O)C1,47.296
CCC1CCC1COCCO,47.296
CC(CCO)CCCOC=O,47.312
CCC1OCCCCCC1C,47.312
CCCCC1OCCCC1C,47.313
CCC#CC(O)CCCCO,47.314
CCCCOC1CCC(N)C1,47.317
CCCN(C)CNNNC=O,47.322
CCC(C=CCO)C1CCC1,47.322
CC1CCN(C)C(OO)C1C,47.332
CN(C)CNNNCC(N)=O,47.332
CC12CC1(O)C2CCCCO,47.332
CCOCCC1CC1COO,47.333
CCC1=C(COCCCO)C1,47.333
CNN(C)NCCNCN=N,47.343
CCC1NCC1CNCCO,47.343
CC1CC(O)C(COO)C1C,47.344
CN(C)CC1(O)CCCCC1,47.345
C=CC(OO)C1(CO)CC1C,47.351
C#CCCNC(CCC)N=N,47.355
C#CCCNC(CCC)N=N,47.355
CC1(C)CC(COCOO)C1,47.358
CCCC(C=N)COCOO,47.359
CC(CO)C1CCCCCC1,47.359
CCCC1CC2CCC12CC,47.363
CC1CCCCCC(CO)C1,47.365
CCC1CCCCCCC1O,47.367
CC1CCC1CCOCCO,47.373
CC1CCC1CCOCCO,47.373
COCCCC1CCCC1C,47.374
CCC1C(OO)CCC1(C)O,47.376
CCNCNC(CN)CC#N,47.377
CN(C)CC(O)COCC=O,47.38
COCC1C(=O)C1CC(C)C,47.384
CN(CCNCN=N)NCN,47.393
CCCC=CC1CCC1CO,47.409
CCCOC1CCC(C)C1O,47.411
CCCCOC1CCCC1N,47.412
CC1CCCCC(O)NCC1,47.426
CC(O)CC(C)COCC#N,47.432
CCCCC(C)C1(C#N)CC1,47.44
CCCCCOOOOOO,47.441
CCC1(CCOCO)CCC1,47.441
CCC1(C)CCC1CCC=O,47.443
COCCC1(C)CCCCC1,47.444
CNNC1CC(C)C1COO,47.45
COCCC(C)C1CCCC1,47.45
C#CCCCCCCCC=O,47.451
CCOCC(CC1CC1)OO,47.452
CC1CCCCCCC(O)C1,47.452
CCCCOC1(C)CCNC1,47.454
CCCCCC1NCCC1O,47.457
CCC1CCCOC(C)CC1,47.463
CCC1CCC1OCCCO,47.465
CC1CCCCC(CCO)C1,47.466
COCCOCCOCCO,47.467
CCOCCC1CCCC1C,47.471
CC1(C)NCCCCCCO1,47.475
CCC1CCCCC(O)CC1,47.477
CCCOC1CCCCC1C,47.485
OCCCCCOCC1CC1,47.486
CCCCOCC1CCN1C,47.487
C#CC(C)(CC#N)CNCC,47.498
CCC(CC)C1CCNCN1,47.505
CC1CCCC(C)CNNC1,47.523
CCC#CCC(C)C1CCC1,47.527
CCOCC(N)CNCC=O,47.527
COCC(CCOO)OCO,47.528
CCOC1CCC1CCCO,47.53
CCCC1C(C)C2CC12CO,47.537
CNCCCCC#COOO,47.553
CNCCCCC#COOO,47.553
COCC(CC=O)CCCO,47.555
CCOCCNCCCC=O,47.556
CCCCOCC(C=O)OC,47.557
CCC1CCC(C)C(OO)C1,47.558
CN(N)N(C)NCCCC#N,47.562
COC1(C)CCC(C)C1OO,47.562
CCOCC(C)C1CCCC1,47.58
CCCC1(NC)NNNC1C,47.583
CCCC(OC)C1CCCC1,47.584
CCC(C)CNC1CCCN1,47.593
CC1CCCCC(O)CCC1,47.603
CCC1CCC(O)C1CCO,47.607
CCCCCC1CNNC1C,47.615
CCC1CC(CCO)C1OO,47.616
COC1CCC(O)C(C)C1C,47.617
CCC1C(O)COC(C)C1C,47.619
COCCC(O)CCCC=O,47.629
CNCC1(NCNN)CCC1,47.63
CCC1CCCC(O)CCC1,47.638
CCCC(O)C1CCCC1O,47.641
CCCCCOCOOCC,47.644
CCCCCOCOOCC,47.644
CCCCCOCOOCC,47.644
CC(C)CCCC1CCCO1,47.644
CCNCC(O)C1CC1OO,47.645
CC1CCOC1(C)CCCO,47.648
CCCC1(C)CCCCOC1,47.649
CCCCC(=O)CCC1CC1,47.662
CC(C=O)=CCCCCCO,47.677
CCCCC1CCC(OC)C1,47.684
COC(CO)OCCCOO,47.686
CCCCC(C)C1CCCO1,47.692
CCCCCC1CC(C)CO1,47.702
CC(C#N)CC(O)CCCO,47.718
COCCCCC1(O)CCC1,47.718
C#CCC=CC(N)CCOO,47.72
CNC(CN)CNCCC#N,47.721
CCCN1C2C(C)C(CC)C21,47.723
CC1CCC(O)CC(O)C1C,47.728
CC(=O)CCCCC(C)C=O,47.732
CCCCC1CCCCC1O,47.738
C#CC1NC1CCCCCC,47.738
COC(CO)COOCCO,47.739
CC(C)CCOCC(O)C=O,47.749
CCCC1(C)CCCOCC1,47.758
CCCCCC1COCC1C,47.76
CC1CCCC(C)(COO)C1,47.773
CCN(C)CCCCCC=O,47.779
COCCCOCC1CC1C,47.782
CCCCC1=NC(CN)=C1C,47.786
CCCCC=CCNCC=O,47.79
CC1C(CCCO)C1(C)C=O,47.796
CC=NCNC(=N)CNCC,47.802
CC(CO)COCC(O)CF,47.812
CN=COC(CCO)CCO,47.813
COC(CCO)CCCC=O,47.814
COC(CCO)CCCC=O,47.814
COCCCC1(C)CCCC1,47.814
CCCC1CCCCCCC1,47.82
CCCC1(C)CCCCCO1,47.823
CCNC1C2C(CC)C12CO,47.835
COCCOCCC1CC1C,47.835
C=CCC1CCNC1(C)CC,47.842
C#CC(CCCOO)COC,47.842
CC(C)CC1NCC1COO,47.847
CCCOC1CCCC1CC,47.851
CCC1OC1CCCCOC,47.856
CCCCC1COC(CC)C1,47.86
CCC1(CNN)CCCCC1,47.863
CCC1COC1CCN(C)C,47.864
CCCC(C)N1CCC1OO,47.866
CC(O)CC(O)CCCC=O,47.866
CC1CCC(C)C(C)COC1,47.873
CCNCN(CC=O)N(C)N,47.874
C#CC(C#CCO)CCCC,47.878
CCCCC(OOO)C1CC1,47.878
CCCC(C)C1OCC1CO,47.884
CCCCCC1CCC(C)O1,47.886
CC1CCC(CCN)CCN1,47.892
CC1CCC(NCCCN)C1,47.905
CC1CCC(CCCNN)C1,47.909
CC(C)OOCCOOCO,47.913
CC(CCO)CCOCC=O,47.914
CC(CCOO)(C)CCOO,47.915
CN(C=O)CCCCCCO,47.929
CC(C)C1CCCC1COO,47.929
COCCC1CCCCC1C,47.94
CCC1=C(COO)C1COO,47.954
CN(C)CCCNNCC=O,47.967
CN(C)CC=COOCCO,47.97
CN(C)CC=COOCCO,47.97
CCCCOCC(O)C(C)=O,47.972
CCCCCOC(O)C(C)=O,47.976
CCCC1NN(CNN)C1C,47.979
CCCC1NN(CNN)C1C,47.979
CC(CCO)CC(C=O)OO,47.98
CCCC1CCCC1CCO,47.983
CCCCC(N)OCN1CC1,47.984
CCNCN(CC#N)N(C)C,47.986
CCCNCC(O)C1CCC1,47.988
COCC(CCCO)OOO,47.993
COCC(CCCO)OOO,47.993
CCCC1=C2CC1N2CCC,47.993
COCC(CCCO)OOO,47.993
CCCCOC1(COO)CC1,48.002
CCCCCC(OC)C1CO1,48.004
COCCCCCCCOO,48.013
CCCC1C(C)CCC1OO,48.016
CCCC1CC(C)CC1OO,48.016
CNCC(CN)CCCC#N,48.017
CCCCOC1OC1CCC,48.018
CC1CCC(CCCCO)C1,48.02
CCCCCC1CC2CC12O,48.02
COC1(O)CC1CCCCO,48.022
CCCCC1CCCCCC1,48.022
CCCCCC(CO)C1CO1,48.033
CCCC1(O)CCCCCC1,48.033
CNCCCC(OO)OCO,48.047
CCCCCCC#CC(C)=O,48.053
CC1CCC(CO)CC(C)C1,48.055
CCCCC(O)C1CCCC1,48.055
CCC(=O)CCC=CCCO,48.056
CCCCC1CCC1COO,48.06
CNCC(C=NOO)CCO,48.062
CCCC1NNNC1(C)CC,48.066
CCC1(C)CCCC1COO,48.068
CCOCCC1(C)CCCC1,48.068
CCCCCC1CCCCC1,48.074
CC1CCCCCCCCC1,48.076
CC(CCO)COOCOO,48.079
CN(CCCCOO)OOO,48.081
CC1CCC(OO)C(C)C1C,48.081
CC1C(C)C1CNNNNN,48.082
CC(C)CC1CCCNCC1,48.086
CCC1CCNCC(C)CC1,48.092
CC(C)CC1NNCCC1C,48.097
COCC(COC)OCCO,48.098
CCC1C(O)CC1CCOC,48.101
CCC1CCC(C)OCC1C,48.103
CNN(C)CNCCCC=O,48.119
CC1CCCCCC(O)C1C,48.124
C#CCCCCCCCC=N,48.126
CCC1CCCC1(O)CCO,48.126
CN(N)C(CN)CCCC#N,48.129
CC(C)C1CCCCC1CO,48.132
CCOCC1CC1CCCO,48.137
CCCCC1CNC1CCO,48.141
CC1CCC1CCCCOO,48.143
CC1CCC1CCCCOO,48.143
CCCCC(OO)C1CCC1,48.153
CCCCCC1CCCC1O,48.159
CCC1CCC(C)(C)COC1,48.163
CC1CCC1C(N)CCOO,48.163
CC(C)(C=O)OOCCCO,48.165
CC(C)(C=O)OOCCCO,48.165
CC(C)(C=O)OOCCCO,48.165
COCC(C)C1CCCC1C,48.165
CCCCC1CNCCC1C,48.166
CCCCCCOCCOO,48.169
CCC1CCC(C)C(CC)O1,48.17
CC1CCCCC(CCN)C1,48.181
C#CC(CCO)CCC#CC,48.184
CC1CCCCCC(C)C1O,48.186
CCNNCC1(C)COC1C,48.187
CC1CCCCCNCC1N,48.19
CC1CCCCCNCC1N,48.19
CC(COCCCO)C1CC1,48.191
CCCC(CCCO)OOF,48.194
CCCC(CCCO)OOF,48.194
CCCC(CCCO)OOF,48.194
CCCC#CCOCCCO,48.212
CCC1C(C)CCCCC1O,48.218
CCCCNN1CC2CC21O,48.219
CC(C)CC1CCCCCN1,48.228
CC1CCCC(O)C(C)CC1,48.228
CCC#CCCCOCCO,48.229
CCCCC1C(O)CC1OC,48.23
CC1CCCC(CCN)CC1,48.233
CCC1C(CCO)CNC1C,48.234
CC1CC(O)C(CCO)C1C,48.241
CCCCC(O)CCC1CO1,48.245
CCNNNC1CCC1CC,48.253
C#CCCCCOCCCO,48.255
CCCC1CC1COCCO,48.256
CCCCCCCCCC=O,48.257
CC(CCF)COCCCO,48.261
CCC1CC(CO)CCC1C,48.262
C#CCC(C)CCCC1CC1,48.265
CCC1C(CO)CC(C)C1O,48.269
CCC(C)CC1CC(=O)C1C,48.273
CC(CO)C1(C)CCCCC1,48.276
CCCCCC1(O)CCCN1,48.281
CC(CCC=O)C(C)OCO,48.281
C#CCC1(C)OC1CCCC,48.281
CC1C(CN)C1COCNN,48.285
CC(C)C(O)CCCCC=O,48.286
CC1C2CC1C(NN)CCO2,48.286
C#CCCCCCOCCO,48.286
CCNCC(CC#N)NCC,48.309
CCCOOCCOCCO,48.314
CCC1CCOC1(O)C(C)C,48.315
CCCCC#CCCCNC,48.331
CCC(CCOC)CN1CC1,48.337
C#CCNC(CNC)NNN,48.344
CCC1C(CO)C1CCOO,48.357
CCOCC(N)CCCC=O,48.358
COCC(CC=CO)CCO,48.361
CCC1CC(CO)C1CCO,48.362
CCC1CCC(C)C(O)CC1,48.366
CCOCC(C)CC1CCC1,48.371
COC1CC1CCCCCO,48.372
CCC1C(C)N1COCNC,48.374
CCCC1CCC(OC)C1C,48.375
CCCCOC1(C)CCCC1,48.376
C#CCC1CC(C)C1CCC,48.377
CC1CC(C)CC(CCO)C1,48.387
CCCCNC1CCC1CO,48.389
OCCOCC(CO)CCO,48.395
CCC1CC1OCCCCO,48.398
C#CCCCCC=CCCO,48.398
CNCC(CO)OCCOO,48.402
CNCC(CO)OCCOO,48.402
CNCC(CO)OCCOO,48.402
CCNCC(O)CCCC=O,48.412
CC#CCCCCOCCO,48.412
CCCOOC(CCO)OO,48.414
CC(CCCO)COC1CC1,48.418
CCCCC(C)C1CCNC1,48.42
CCCN1C(O)C(C)C1CO,48.428
CC1CCCCCC1N(C)C,48.438
CNCCOOC(O)CCO,48.443
CCC1CC1NNCCCO,48.451
C#CC(CO)CCCCOO,48.455
C#CC(CCCCC)=NNN,48.462
C#CC(CCCCC)=NNN,48.462
C#CCCC(C)CCC1CC1,48.477
CCC1(CCCOO)CCC1,48.479
CCCCCNC(C)=NC=N,48.48
CNCC(CCO)CCC=O,48.483
CC(CC=O)CCCCOO,48.495
CN(CCCCOO)OCO,48.508
CCC(OCCNC)OOO,48.51
CCC(C)CC1OCCC1C,48.51
CCCCOCC1CCC1C,48.514
CCCC1CNCC(N)C1C,48.515
CC(COCOO)NCCO,48.515
CCCC1CNCC(N)C1C,48.515
CCC1C(C)ONC1C(C)C,48.52
CCC1CNCCC1(C)NC,48.529
CNCNCCC1CCC1C,48.536
CCC(C)NNC1CC1OO,48.537
CCC1CC(=CNN)C1CC,48.541
COC(CO)OCCCCO,48.545
CCCC(CC=O)CCOO,48.546
CCCCCCCOCC=O,48.548
CCCOCN(C)C(C)OF,48.552
CCC1CC(O)C1CCCO,48.552
CCCOCC1CC(CC)C1,48.564
OCCCCCC1CC1CO,48.565
CC1(C)CC(CCO)CC1O,48.567
CC1CCCOCC2CC1C2,48.569
CCCCCC1CCNC1C,48.573
COCC(CO)CCCOO,48.574
CC1CCCCCC(C)CC1,48.585
CCC1CCCCCC1CC,48.586
CCN(C)CNCCCC=O,48.587
CCCOOC1C(C)CC1C,48.589
CC(O)CCOC(C)CC=O,48.589
CCCCC(O)COC1CC1,48.593
CN(O)COCCCCOO,48.595
CNCCCC(C=O)CCO,48.61
CNCCCC(C=O)CCO,48.61
COC(CO)CCOCCO,48.626
CCCC#CC(C)COCO,48.631
CCCCNN(CC)NC=O,48.636
COCCOC(CO)CCO,48.641
COCCOC(CO)CCO,48.641
CCC1CCC1CNCNC,48.644
CC1CCCCCCC(C)C1,48.645
CC1CCCCCCC(C)C1,48.645
CCC1CCCC(C)CCC1,48.647
CCC1CC1CNNCNC,48.65
CCC1CCCCC(CC)C1,48.658
CC(O)CCC1CCCC1C,48.668
C#CCC(OC)OCCCC,48.669
CCC1CCCC1CC(C)O,48.67
CC1CC(C)C(CCCO)C1,48.676
CC(C)CC(OO)C1CCC1,48.68
CNCNCN1CC(C)(C)C1,48.684
CCC1CCCC(CC)CC1,48.685
CC1CCCCC(C)CCC1,48.686
CCCCC(C)C1CCCN1,48.687
O=CCCCCCCCCO,48.702
CC#CCCCC(C)CCC,48.704
CCC(CCCC)CC(C)O,48.704
CC(CO)CCC(C=O)CO,48.704
CC(C)NCC1NC1CCO,48.708
CCC1CCCCC(C)CC1,48.724
COCC#CC(C)CCCO,48.729
CCCC1CCCCC(C)C1,48.73
CCCC1CCCCC(C)C1,48.731
CCCC1(C)CCCNCC1,48.731
CCCCC1CCC(C)C1O,48.739
CC1CCC1CCCCNN,48.742
CC1NCCC(C)(C)CCN1,48.752
CCCCCCOCC1CC1,48.755
CC1CC(COO)C(C)(C)C1,48.78
CCCCC1(COC)CC1O,48.788
CCC1CC(C)CC1CCO,48.795
CC1CC(C)C1CCCOO,48.796
CCCCC(C)OC1CCC1,48.799
COCC(C)COCCOO,48.813
CCCC1(COC)CC1OC,48.833
CCCC1CCC1CNCN,48.841
C=C1C(C)C1OCCCCC,48.854
CCCC1CCCC(C)CC1,48.855
CCCC(C)NOC=NNN,48.862
CCCCCCOCOCO,48.864
CCCCCC1CCC(N)C1,48.867
CC(CCCCOO)OOO,48.879
COC=CCC(O)CCCO,48.89
CCCC(C)C1OC1CCO,48.89
CC(C)CCOCN(C)CF,48.909
CNCCCCCC(C)OC,48.919
CCCC(O)OOOCCN,48.919
CC(O)C1C(O)C1CCCO,48.924
COC(CC=CCO)CCO,48.934
CCCCOCC(O)(F)CC,48.936
CCCCCC1CCCC1N,48.951
CCCC1C(CC)CNC1N,48.961
CCCCC(O)CC1CCC1,48.962
C#CCNCOC(C)C(C)O,48.97
CCC#CCCCCCOO,48.977
CCCCC1CCC1CCO,48.981
CCCC(CCOO)C1CC1,48.986
CCCN(N)CC(C=O)NC,48.99
CCCCC(C)OOC1CC1,48.995
CCCCC1(C)OCCC1C,48.998
CCCC#CCCCCOO,48.999
CCCC1OC1(C)CCOC,49.002
COCC(C)OCCCOO,49.01
CCC1CC1CNCCCO,49.023
CCCCCC1(C)CCCN1,49.025
CCOCC(O)C1CC1CC,49.03
CC(C)C1C(O)C1CCOO,49.032
CCCC(CO)COOCO,49.035
COCCCOCCCCO,49.037
CCC(C)CCOOOOO,49.041
CCC(C)CCOOOOO,49.041
CCC(C)CCOOOOO,49.041
CCCCC(COO)C1CC1,49.042
COCOCCCC(C)(C)F,49.048
C#CCOC(C)CCCCO,49.053
CC(F)C(C)COCCCO,49.055
CCC#CCCCNCCO,49.075
CCCCNC#CCCOC,49.082
CCCC1CNC(C)C1CC,49.083
CCCCCOC(O)C(C)F,49.085
CCCCCCCCCC#N,49.09
CCC(C)(C)C1CCCCN1,49.103
CC(CCCCO)OOCO,49.123
CC(CCCCO)OOCO,49.123
CC(CCCCO)OOCO,49.123
CNCC(C)CC(O)CC=O,49.125
CCCCCOCOCCO,49.127
CCCCCC(OO)C1CC1,49.131
CCOCC(N)C(C=O)CC,49.138
CCCNC1(C)COC1CC,49.144
CCC1C(C)C(CCO)C1O,49.151
C#CCC(O)COCCCC,49.152
C#CCCCCCNNNC,49.154
CCCCCC1CCCC1C,49.162
CCCC(C)OCCCC=O,49.163
CCC(C)CNNCCC=O,49.171
CCCC(CC)COCC=O,49.174
CCCC(CC)COCC=O,49.174
OCCCCCCC1CC1O,49.181
CCCOC(C)CCCC=O,49.187
CCCOC(C)CCCC=O,49.187
CCCOC(C)CCCC=O,49.187
CCCC(O)COCC(C)F,49.195
CCCCC1CC1CCOO,49.2
CCCCCCC1CC1OO,49.231
CCCCCC(N)N=C=NC,49.234
CC(C)CC=COOCCO,49.244
CNCC(CCCOO)OO,49.255
C#CC(CCCO)CCCO,49.26
CCCCCC1(N)CCCC1,49.264
CC(C)CCCC1CCCC1,49.265
CCCC(CCOO)OCO,49.283
CCCC(CCOO)OCO,49.283
CCCC(CCOO)OCO,49.283
CCCOC(CC=O)CCC,49.289
CCCOC(CC=O)CCC,49.289
CCCCC1C(C)C1(C)C=O,49.301
COCCCC(COC)OC,49.304
CCCC1(C)C(C)C1CC=O,49.305
CCCC(C)CC1CCCC1,49.31
CCCCC(C)C1CCCC1,49.31
CCCCC(C)C1CC(C)O1,49.312
CCCCC1(C)CCCC1O,49.316
CC(CCO)COCCOO,49.322
CC(CCO)COCCOO,49.322
CC(C)CC1C(C)CCC1O,49.322
CCCC(O)C(C)C(O)OO,49.327
CCCCCC1CCC(C)C1,49.33
CC(C)CC1CCCCC1C,49.34
CCCCC=CCOCCO,49.343
CCC1CC(O)CC1C(C)C,49.349
CC1CCCC(C)C(C)CC1,49.358
CCC#CCC(O)CCCO,49.376
CN(CCCCCO)OCO,49.387
COC(CO)CCCCOO,49.389
CCCCC(C)CC(O)C=O,49.39
COCCC(C)CCC1CC1,49.394
CCC1C(C)C1CC1CC1C,49.395
CCC(C)NNNC(O)OC,49.398
COCCCCC(C)C1CC1,49.403
CCC1(NC)NC1CCCO,49.405
COCCCCC1C(C)C1O,49.405
CCCC(CC=O)CCCO,49.41
CCCC(O)CCCCC=O,49.415
CC(C)CC(N)NNCC=O,49.415
C#CCOCC(C)NCCC,49.418
CCCC(C)COOCOO,49.42
CCC1C(C)CCC(C)N1C,49.432
COCCCCCC1CC1C,49.439
CCN(C)COCCCOO,49.442
CCCCOCC1CC1CC,49.443
CCOCN(C)CCCOO,49.457
CC(CO)CC(CO)COO,49.459
CNCN1CC(C)CC1(C)C,49.46
CC(CCCOO)OCCO,49.475
CCCC(CO)OOCCO,49.478
CCCC(CO)OOCCO,49.478
CCCCC(C)CCC1CO1,49.481
CCCCCC(C=O)CCO,49.484
CN(C=CCCCO)CCO,49.487
CCOCCC(C)CC1CC1,49.491
CCC(=N)NNCCCCN,49.501
CCC(=N)NNCCCCN,49.501
CCCCC(C)C1CCC1O,49.503
CCCC(COC)CC1CC1,49.507
CCC1(C)C(O)C1CCOO,49.52
CCCCOCCC(O)CO,49.535
CCCC(C#CCO)CNC,49.541
CCCC(C#CCO)CNC,49.541
CCCC(C#CCO)CNC,49.541
CCC1CCOC1(C)C(C)C,49.543
CCCC1CC(C)C(C)C1O,49.547
CCCCC1CCCC(C)C1,49.55
CC(CCO)CCCOOO,49.554
CCCCCC=COCCO,49.575
CCC#CCC(C)CCOO,49.588
CCCCNC(C)NNC=N,49.591
CC(C)C1CCC1CCCO,49.593
CC(O)COCCN(C)CO,49.594
CCCCCC1(C)CCCC1,49.596
CCCCOCCC1CC1C,49.606
CCC#CC(CCC)COO,49.639
CCC1C(C)CC1CCCO,49.641
CCC(C)(C)CCCCC=O,49.642
CCCCOOC1C(C)C1C,49.648
CCCCCCC1OC1CC,49.658
C#CC(C)CCCCCOO,49.662
CCC#CC(CCCC)OO,49.67
CNNC(CO)C(C)COO,49.681
CCC#CC(CCO)CNC,49.703
CCCCOOCC(O)NC,49.706
CCCCC(C)OCC1CC1,49.707
CCCCCC(N)=NNNC,49.724
CCCCC1CCC1(C)OC,49.727
CC1CCCCCC(C)(C)C1,49.728
CCCOC(CCC)C1CC1,49.728
CCCCN(CC=O)N(C)C,49.729
CCC1C(O)CCC1(C)CC,49.743
COCCC(C)(O)OCCO,49.747
CCCCC(C)CCCC#N,49.747
CC(CCCCCO)OOO,49.749
CC(C)C(O)CCCCOF,49.759
CCC(C)OCOCCCO,49.76
COC(C)OC(C)CCOO,49.772
CCCCCC(CO)C1CC1,49.776
CCCC1(C)CCCCC1C,49.777
CCCC(CNN)CC1CC1,49.787
CCC1(C)CC(COO)C1C,49.788
CCCCC(C)COC1CC1,49.79
C#CC(CCCN)OCCC,49.793
CCCCCCCCCOO,49.807
CCCCCCC1CCC1N,49.814
CCCCC(CC#N)CCC,49.814
CCC(CCCCO)C1CC1,49.817
CC(C)OCCOC(C)OO,49.826
CCCCOCCC1(C)CC1,49.831
CNCC(CO)CCCOO,49.833
CCC(C)C1(C)CCCCC1,49.834
CCCC(CC)COOOO,49.845
CCCC(CC)COOOO,49.845
CCCC(CC)COOOO,49.846
CCCCC1(C)CNCC1C,49.849
CC(CCCCC=O)N(C)C,49.868
CCCCC(C)C(C)CC=O,49.874
CC#CCC(CCC)COO,49.878
CCCC#CCCCCCO,49.878
CCCCC1C(O)N1CCC,49.885
CCC1(COO)C(C)CC1C,49.888
CCC(C)CC(O)CCC=O,49.904
CCOCCCOCC(C)O,49.907
CCCC(O)COCOCC,49.916
CCCC(COC)OCCO,49.916
COC(CO)CC(C)COO,49.925
COCCCCCCNNN,49.938
CC(C)CCCCCCC=O,49.939
C=CC(C)CC#CCCCC,49.94
CCCCC(O)CCC1CC1,49.945
CCC(C)CCCCCC=O,49.946
C#CCC(C)CCCCNO,49.979
CCC(C)CCCNCC=O,49.981
CCCCC(C)CC1CCC1,49.983
CCNC=C(O)CCCCO,49.989
CCCCC(C)CNCC=O,49.995
CCC(O)COOC(C)CO,50.006
CCCC(O)CNCCOO,50.009
CC(C)C(N)NCCCC=O,50.021
C=CC(CC)COOCCC,50.025
CNCCOCCC(C)(C)F,50.03
CCCCC1C(C)C1NNN,50.031
CC1C(CCCOO)C1(C)O,50.036
CCCC(C)OC(O)COO,50.04
C[N+](C)([O-])C(O)CCCCO,50.046
CC#CCCCCCCCO,50.051
CCCCC(CCO)C1CC1,50.057
CCCC(CCOO)COO,50.058
CCON(C)CCCCOO,50.062
CCON(C)CCCCOO,50.062
C#CCC(C)CCCCOC,50.064
CC(CCCOO)CCOO,50.07
CCC1C(C)CCC1C(C)C,50.07
CCCC1CC(CC)CC1C,50.076
CNCC(CCCN)OCO,50.082
CCCCC(CCOO)OO,50.082
COCC(CCO)CCCO,50.088
CCC(C)(COO)COCO,50.102
CCCCCCCC(N)C=O,50.104
CCC(COCCCO)NN,50.113
CCC(CCO)COCCO,50.118
CCCCCC1(CN)CCC1,50.126
CCCCCCC1CCC1C,50.139
CCCC(CN)COOOC,50.141
CC=C(CCCC)NNNN,50.149
CC=C(CCCC)NNNN,50.149
CC(CO)CCCOCCO,50.174
CC(CO)CCCOCCO,50.174
CCCC(C)(COO)C1CC1,50.192
CCCCCC1CN1CCC,50.198
CC(CCO)CCOCCO,50.204
CCCCOOCOC(C)C,50.211
CCCCCC1(C)CC1CC,50.243
CCC1C(COC)CC1(C)C,50.245
COC(CCCO)CCCO,50.255
CCCC(C)OOCOCC,50.267
CCCCCC(C=NC)ON,50.284
CCCCCC(C=NC)ON,50.284
CCCC(C#CNO)CCC,50.294
CCN(C)COCCCCO,50.302
CCCCCC(CC)C1CC1,50.302
CCN(C)COCCCCO,50.303
CCN(C)COCCCCO,50.303
C#CCC(CCCCC)OC,50.306
CC=C(CC)NNNNCC,50.315
CC=C(CC)NNNNCC,50.315
CCC(C)(O)CCCCOF,50.33
CCCCC(CCC)C1CC1,50.342
CCC#CCC(C)C(C)OO,50.343
CNCC(O)CCCCOC,50.345
CCCC1C(C)C(C)(C)C1C,50.352
CCCC1C(C)C(O)C1(C)O,50.355
CC(CCCCO)OCCO,50.36
CC(CCCCO)OCCO,50.36
CCCCCCCC1CC1O,50.389
CC(C)(C=O)CCCCCO,50.4
CC(C)(C=O)CCCCCO,50.4
CC(C)(C=O)CCCCCO,50.4
CNC(CCCNN)COC,50.401
CCCCC(C)=NCCON,50.426
CC1CCCC2CC1C2CN,50.437
CCCCCCC(C)C1CC1,50.458
CCCC(C)=CCC(O)CO,50.479
C#CCC(N)NCCCCC,50.508
CCCC#CC(C)CCCO,50.517
CCCNCCC(C)CC=N,50.518
CCCCC(C)CCC1CC1,50.518
CCCCCCCCC1CC1,50.524
CCCC(C#CCO)CCC,50.526
CCCC1(C)C(O)C1CCO,50.532
CCC#CC(CC)CCCO,50.542
C#CCC(C)CCCCCO,50.543
CCCCOCN(C)OCC,50.558
CCCCOCN(C)OCC,50.558
CCCCOCN(C)OCC,50.558
CCOCC(C)CCCOO,50.562
CCCOCC(C)CCOO,50.576
CCOOCCCCN(C)C,50.579
CCCC(C)COCCOO,50.596
CCCC(C)COCCOO,50.596
CCCC(O)CCC(C)CF,50.606
C#CCCCCC(C)CCO,50.611
CCC#CC(CO)CCCC,50.623
CCC1CC1(COO)C(C)C,50.624
CCCC#CC(CO)CCC,50.659
CCCC(C)CCCCC=O,50.662
CCC(O)(CCCOO)OC,50.684
COCCCCCCCCO,50.695
CCCCCC(CNN)=NC,50.714
COC(C)NCCCCCO,50.719
CCCCC(CC=O)CCC,50.723
CN(CCO)CCCCCO,50.784
CN(CCO)CCCCCO,50.784
COCCCC(CN)CCO,50.801
CCCCCCN1C(C)C1N,50.803
CC#CCC(CCC)CCO,50.806
CCOCCCCCCCO,50.813
CCCC(CC)OCNNN,50.817
CCCCCCOCCCO,50.818
CCCC(COO)C(C)OO,50.823
CCOC(CCCO)CNC,50.83
CCC(CCO)CCCOO,50.84
CCC(CCO)CCCOO,50.84
CCCC1C(C)C1(C)COO,50.841
CCCOCC(CO)CCC,50.867
CCCOCC(CO)CCC,50.867
CCCCC(C)NOCNN,50.899
CCCC(CCCO)COO,50.91
CCCC(CCCO)COO,50.91
CCC(O)COCC(C)CO,50.931
CCCC1C(CC)CC1CC,50.931
CC(CCCO)CCCOO,50.941
CCC1(CCCCO)CC1C,50.943
CCC(CCNNN)CNN,50.959
CCCCCC=CCCCO,50.977
CCCC(CO)CCCOO,50.985
CCCC(CO)CCCOO,50.985
CCC(CCCCO)ONC,50.987
C#CC(CCCCC)CNC,51.015
C#CC(CCCCC)CNC,51.015
C#CC(CCCCC)CNC,51.015
C#CC(CCCCC)CNC,51.015
C#CC(CCCCC)CNC,51.015
CC(CO)CNCCCCO,51.03
CC(C)CC(C)CNCC=N,51.031
C=CC(C)CCC(C)CCO,51.032
CC(C)OCN(C)C(C)OO,51.046
CCN(C)COCCC(C)O,51.05
C=C(C)C(C)C(C)CCCO,51.059
CCN(C)CCCCCOO,51.135
C#CCCC(C)NNC(C)C,51.148
CCC(CCCNCN)OC,51.241
CCC(CCCNCN)OC,51.241
CCC(CCCNCN)OC,51.241
CC(CCO)CC(CO)CO,51.242
CCCCCCCC1CC1C,51.273
CCC(CCCCO)COC,51.276
CC(C)(CCCCOO)OO,51.286
CCC(C)CC(COO)OC,51.293
CCCC(CCC)C(C)C=O,51.305
CCCCC(CCO)COC,51.316
C=CC(CC)CCCCCO,51.32
CCCC(CCCO)COC,51.322
COC(C)CCC(C)COO,51.322
CCC(CCCOO)CNC,51.331
CCCCCC(CO)COC,51.356
CCCC(CCOO)CNC,51.365
CCC(CC)COCCCO,51.381
CCC(CC)COCCCO,51.381
CCC(CC)COCCCO,51.381
CCCCC(CNC)COO,51.4
CCCCC(CNC)COO,51.4
CC(C)CCCOCCCO,51.406
CCNC(CC)OCCNC,51.426
CCCCCC(O)CCOC,51.427
CCC(C)COCCCCO,51.428
CCOCC(C)CCCCO,51.44
CCCC1C(C)C1CC(C)O,51.446
CCC(C)CCOCCCO,51.463
CCCCOCC(C)CCO,51.467
CNCCOC(C)CCCN,51.507
CNCCOC(C)CCCN,51.507
CNCCOC(C)CCCN,51.507
CCCCCC(CNC)OO,51.515
CCCC1C(C)C(O)C1(C)C,51.56
CCCNNNC(N)CCC,51.576
CCCC(CN)CNNNC,51.613
CC(CO)CCCC(C)OO,51.633
CCCCCC(C)OCCO,51.65
CCCCCC(C)OCCO,51.65
CCOC(CC)CCCCO,51.655
CCCCC1C(O)C1(C)CC,51.669
CCCCOC(CC)CCO,51.676
CCCCC(COO)C(C)O,51.698
CNCCCC(CN)CCO,51.715
CNCCCC(CN)CCO,51.715
CCC#CCC(C)CCCC,51.776
CCC#CCCC(C)CCC,51.815
CCC(C)CC1(C)CCC1C,51.842
CC=CNNC(C)CCCC,51.846
COCCC(C)(C)NCCO,51.892
CC(C)(CCCCO)COO,51.998
CC(C)(CCCCO)COO,51.998
CCN(C)CCCCCCO,52.01
CCCC(COC)NC(C)N,52.05
CCCC(C)(CO)CCOO,52.062
CNCC(C)CCC(C)OO,52.085
CCC(O)(CC)CCCOO,52.096
CCCC(CCNN)CNC,52.106
CCCNCCN(N)CCC,52.127
CCCN(CCC)CCNN,52.152
CCC(C)(O)CCCCOO,52.207
CCCCC(CCC)COO,52.238
CCCCCC(CO)CNC,52.297
CCCC(CNC)NNCC,52.332
CCNC(CN)CCCNC,52.351
CCCC(CCC)CNNN,52.356
CC(C)C(O)CCNCCN,52.477
CCC(C)(O)NCCCNN,52.502
CC(O)CCC(C)CCCO,52.515
CCCCCC(CN)CCO,52.612
CCCCCC(CN)CCO,52.612
CCCCC(CCC)COC,52.625
CCCCC(CCC)COC,52.625
CCCCC(C)(O)CCOC,52.643
CCCC1C(CC)C1C(C)C,52.678
CCCC(C)(C)OCCCO,52.854
CCCC(C)(CNC)NNN,52.972
CCCC(CCC)CCNN,52.993
CCC(C)CCCCNC,48.681
CCCC(C)CCCNC,48.686
CCCOC(C)C(C)CC,48.686
CCCC(CC)C(C)CO,48.695
CCCC(C)C(CC)CO,48.698
CCN(C)C(CCC)CO,48.704
CCC(CC)(O)CCC,48.704
CCOCOOC(C)(C),48.704
CCC(C)CCOC(C)C,48.715
CC(C)CC(C)CCCO,48.727
CC(C)CC(C)CCCO,48.727
CC(C)CC(C)CCCO,48.727
CC(C)NCN(C)C(C)C,48.732
CC(C)COC(O)CCO,48.752
CCCC(C)CC(C)CO,48.753
CC(C)CCCC(C)CO,48.779
CCCCC(CO)C(C)C,48.79
CCCCC(CO)C(C)C,48.79
CCCCC(CC)NCC,48.791
CCC(C)(O)C(C)CCO,48.803
CCC(C)C(C)CCCO,48.827
CCC(C)C(C)(O)CCO,48.837
CCC(C)CCC(C)CO,48.843
CCCC(C)(O)CC(C)O,48.851
CCCCC(O)CC(C)C,48.869
CCC(C)CC(NC)NC,48.871
CCCCC(C)CC(C)O,48.888
CCCCC(C)CC(C)O,48.888
CCCCC(C)CC(C)O,48.888
CCCCC(C)CC(C)O,48.888
CCCC(O)CC(C)CC,48.889
CCCC(NC)NC(C)C,48.909
CCCC(C)(C)COCC,48.917
CCCCCC(C)(C)CO,48.952
CCCCCC(C)C(C)O,48.961
CCC(C)CCC(O)CC,48.965
CCCC(CCC)CCN,48.985
CCCCCCC(C)CN,48.989
CCCCC(C)C(O)CC,48.99
CCC(C)CCCCCN,48.992
CCC(C)CCCC(C)O,48.994
CCCCCC(C)CCN,49.008
C.CCC(C)C(N)NN,49.045
CCNNCC(C)(C)CC,49.077
CCC(C)C(CC)CNC,49.13
CC(C)(C)CCCCCO,49.197
CCC(C)C(C)CCNC,49.21
CCCOC(C)(C)CCC,49.298
COCCC(C)(C)C(C)C,49.347
CCCC(C)(CO)CCC,49.374
CCCC(C)(CC)C(C)C,49.393
CCCC(O)(CC)CCC,49.427
CCCCCCC(C)(C)O,49.468
CCC(C)C(C)CCCN,49.522
CCCCC(C)(O)CCC,49.526
CCCCCCC(C)CC,49.562
CCCCCCC(C)CC,49.562
CCCCCCC(C)CC,49.562
CCCCCC(C)CCC,49.562
CCCCCCC(C)CC,49.562
CCCCC(C)CCCC,49.573
CCC(C)(CC)C(C)CO,49.603
CCCC(N)CC(C)CC,49.607
CCC(C)(CCO)C(C)C,49.641
CCC(CC)C(C)(C)CO,49.777
CCCC(C)C(N)CCC,49.832
CCCC(CO)C(C)(C)C,49.88
CCCCC(C)(C)C(C)O,49.99
CCCCC(C)C(C)CC,50.095
CCCC(C)CCC(C)C,50.186
CCCC(C)CCC(C)C,50.186
CCCCC(C)CC(C)C,50.578
CCCCC(C)(C)CCC,50.607
CCCC1(C)CC1COO,45.123
CCCC(C)CNCC=O,45.123
CCC(C)(C)CN(C)C,45.124
COCCCC(CO)CO,45.124
CCCC(OC)OCCO,45.127
CNNC(OC)N(C)NN,45.128
CCCCC1CC1CCO,45.129
CC#CCCCC(C)CC,45.146
CCCC(O)C(C)CC=O,45.147
CC(C)CCC1NCC1C,45.151
C#CC(CO)C(C)CCO,45.154
CC(C)CC(C=O)CCO,45.159
CCC1CC1(C)CCOO,45.161
CCCCC=CC1(C)CC1,45.168
CCCCNC1(C)CCC1,45.172
CCCC(C)CC(C)C,45.173
CC(CCO)CCCC=N,45.174
C#CCC(CN)CCCO,45.178
CC(C)CCC1CC1NO,45.184
CCC(O)C(C)CCC=O,45.184
CC=CC(CC)CC(C)=O,45.185
CC#CCCCCCCO,45.186
CC(C)COC(CO)OO,45.189
C=C1CC1(CCO)C(C)C,45.194
CCC(C)(N)C(C)CN,45.207
CC(C=O)C(C)CCCO,45.208
CCC1(C)CCCC1(C)O,45.211
CCCC(C)C(C)CC,45.216
CC(C)C1C(O)C1CCO,45.217
CC(C)CC1(C)CCCC1,45.217
C#CC(CC)CCCOC,45.219
COCCC(CO)CCO,45.22
CCNCC(CNC)=NC,45.224
CCCCCC(=N)CCO,45.232
CCCCCC(=N)CCO,45.232
CCCCCCC(N)C=O,45.235
CCN(C)CC(C)(C)C,45.238
COCCC(O)CCCO,45.243
CCCC(CO)CC(C)=O,45.249
CCNNC(CO)CNN,45.249
CCC1(C)C(C)C(O)C1O,45.263
CNCC(CO)CCNO,45.265
C#CC(C)COCCCC,45.267
C#CC(C)COCCCC,45.267
CC(CO)COCCCO,45.269
CC(CO)COCCCO,45.269
CC(CO)COCCCO,45.269
CCCCCC1CCC1C,45.272
CCN(C)CCC(C)C=O,45.273
CC(N)CCCC(N)C=O,45.274
CCCCC(O)COCO,45.279
CCCCC(CO)OCO,45.29
CCNCCC#CN(C)C,45.292
CCCC(C=O)C(O)CC,45.295
CCC(N)NC(C)CC=O,45.3
COC(CCO)CCCO,45.3
CCNCCC#CN(C)C,45.307
CC(O)CC1CC1CCN,45.311
CN(C)COCCCCO,45.313
CC(C=O)CC(C)N(C)N,45.319
CCCC(N)NN1CC1C,45.326
CCC(C)(C)CNNC=O,45.328
CC(CO)C(CO)COO,45.334
CC(C)N(C)CNN,45.34
CC(CCO)COCCO,45.341
CNC(C)(C)CCNC=O,45.354
CCON(CC)NC=CN,45.356
CCC(O)CCC=CCO,45.36
CCC(O)C(COO)OC,45.362
CCCC(C)COC(C)F,45.37
CC#CCOCC(C)(C)O,45.37
COCC(O)CCCCO,45.37
C#CCC(C)(O)CCCO,45.377
CC(C)CC1CC1CNN,45.378
CCCC1(CCCO)CC1,45.383
CCCC#CC(CC)OC,45.386
CCCCCC(C)N1CC1,45.396
CCC1=CC1(C)CCCO,45.4
CC(C)CC1C(N)C1OO,45.41
CCCCCC(C)C1CN1,45.414
CN(C)CNNCCCO,45.417
C=CCC(C)CCCOO,45.43
CN(C)C(CO)CCOO,45.436
CCCCCC(=O)CCN,45.437
CC(C)COC(C)OCO,45.438
CN(CCCCCO)OO,45.44
CN(CCCCCO)OO,45.44
C#CCC(C)C(C)COO,45.446
C#CCC(C)OCCCC,45.447
CCC1CCCC1(C)CC,45.449
CC(C)C1C(C)C1COO,45.449
CNCCOCC(C)OC,45.453
CCC(CO)OCCCO,45.458
CCCC(C#N)CC(C)C,45.46
C#CCNNOC(C)(C)C,45.461
C#CC(CCC)CCCO,45.461
C#CC(CCCC)OCC,45.465
C#CC(CCCC)OCC,45.465
C#CC(CCCC)OCC,45.465
CCCCOCCCOC,45.466
CCCC(O)COCCO,45.487
CN(C=O)C(F)(F)F,45.489
CCN(CC=O)CC(C)C,45.494
CCCCCOCCOC,45.5
CCCCCOCCOC,45.5
C#CC(CC)C(C)COO,45.506
CCCCC(C#N)C(C)C,45.507
CCCN(C)COCCO,45.509
CCCN(C)COCCO,45.509
C#CCCCOC(C)CC,45.516
CC(C=CCCO)CCO,45.517
CCCCOC(CO)CO,45.517
CCCCCCC1CC1O,45.517
CCCC1CC1C(C)CO,45.52
CCCC1(C)CCCC1C,45.523
CC(C)(CCO)OCOO,45.527
CCCC1C(CC)C1OC,45.531
CC(C)(C=O)CCCCO,45.532
CCCCOOCC(C)O,45.533
CC=NNCN(C)CCC,45.543
CCCC1C(C)C(C)C1O,45.55
CNCCOCC(C)(O)O,45.553
CNCCOCC(C)(O)O,45.553
CCCN(C)NC(N)=NC,45.554
C#CC(C)(CO)CCCO,45.567
C#CCC(CC)CCCO,45.569
CCCC(OC)C(O)CO,45.571
CNCNN(C)CNCN,45.576
CC(C)C(C=O)C(C)CO,45.59
CCC1(N)N(CCN)CC1,45.595
CCC(CO)CC(O)CO,45.597
CC(C)CCOC1CC1C,45.598
CCCC(CC)C1CC1O,45.601
CC(C)CC(C)N(C)C=O,45.601
CC(C)CCCCCC=O,45.601
CC#CC(C)C(C)COO,45.603
CCOC1CC1C(C)CC,45.606
CN(C)C(CCO)CNO,45.608
C=CC(CC)C(O)CCO,45.612
CCC1C(C)C1NCNC,45.62
CCC#CC(C)CCCO,45.625
CCC(O)(CCCO)OO,45.626
C#CCCC(C)CCCO,45.628
CNCCC(C)C(C)C=O,45.633
COC(C)OCC(C)CO,45.635
CC#CCOC(C)CCC,45.635
CCC1(C)C(O)C1CCO,45.639
CCCOOCC(C)CO,45.64
CC(C)C1CCC(C)C1C,45.645
C#CCC(CO)CCCC,45.648
CC(C)C(C)CNCC=O,45.65
CCCCC(CC)CC=O,45.658
C#CC(O)(CC)CCCO,45.664
CC(C)COOCCCO,45.667
CCCCC(C)(C)C1CO1,45.668
CCCCOOC(O)CC,45.669
C#CC(C)CCCCCO,45.67
C#CCC(C)CCCCO,45.672
CCCCNC1CC1CC,45.678
CCC(C)CCNCC=N,45.679
CCCCC1CCC(C)C1,45.68
CCCC(CC)CCC=O,45.683
CCC#CC(C)(O)CCO,45.684
CCC(C#CNC)CNC,45.694
C#CC(CC)CCCCO,45.697
C=C(CC)C1C(C)C1CC,45.701
CCC(C)COCCOO,45.705
CC(C)CC(C)C1CCC1,45.705
CCCC(O)C1CC1CC,45.706
CCCCCCCC1CC1,45.711
CCCCCCC(C)C=O,45.712
CCCCOC1(C)CC1N,45.714
CCC=CC(CO)CCO,45.719
CCCCC1(C)CC1OC,45.72
C#CCC(CC)CCCO,45.721
CCCNNNC(C)OC,45.722
CC(C)CCNC(C)C=O,45.73
CCC(CC)C1CC1CO,45.731
C#CCCCC(C)CCO,45.737
CCC(C)(N)CC(C)C,45.745
CCC(C)C(CO)OOO,45.747
C#CCCC(C)NCCN,45.747
CC#CCCCC(C)CO,45.752
CCOCCCC(C)OO,45.753
CCC#CC(CO)CCC,45.755
CC(C)CC1(CN)CCC1,45.757
CC(C)CC(C=O)C(C)O,45.759
CC(C)(OO)OCCCO,45.761
CC(CCO)C1C(C)C1O,45.762
CCCCC(C)CCC=O,45.764
CCC(C)CCCCC=O,45.767
CCC(C)CCCCC=O,45.767
CCCC(C)CCCC=O,45.768
CCCC(CCCO)=NC,45.77
CCCCC(CCO)=NC,45.781
CCCCC(CCO)=NC,45.781
CC#CC(CCC)CNN,45.782
CCCCCC1C(N)N1C,45.783
CCCCCC1(C)CCC1,45.784
CC(C)OOC(C)COO,45.785
CC#CCC(C)CCCO,45.785
CCCC(C)CCCC=O,45.786
CC(C)CC(N)CCC=O,45.789
CC(C)CC(O)COCO,45.791
CC(C)C(COO)COO,45.792
CCCCC1(CC)CCC1,45.792
CCCC1CCCC1CC,45.792
CCCOCCC(C)OO,45.794
CCCCCC(C)CC=O,45.794
CCCCC(O)C1CC1C,45.799
CCOCC(C)(C)C1CC1,45.805
CNN(OO)C(O)C(C)C,45.812
CCCCC1CCCC1C,45.813
CCCC1CCC(CC)C1,45.813
CC1CC(O)C(C)(C)C1C,45.821
CC(C)CCC1CCC1C,45.822
CCC1=C(C)C1CCCO,45.824
CC(C)OCCOC(C)O,45.825
CNCC(CO)CCCO,45.834
CCC(C)CNCC(C)=O,45.838
CNCC(C)CCC(C)=O,45.838
CCCCC1C(O)C1CC,45.84
CCN(C)CNNNCN,45.844
CCOCC(OC)C(C)O,45.845
CCCC(CC=O)CCC,45.846
CCCC(O)OCN(C)C,45.849
CCC(C)CCC(N)C=O,45.851
CCCOC1CC1(C)CC,45.854
COCC(O)COC(C)C,45.869
CC(C)C(C=N)CCCO,45.872
CCNNCN(C)OCC,45.872
CCC(O)CN(C)CNO,45.878
CC#CCCC(O)CCC,45.879
CC(O)CN(C)NCNN,45.885
CCNCOCN(C)CC,45.898
CCCCC(C=O)CCC,45.9
CCCCC(C=O)CCC,45.9
CCCOC(O)C(C)CO,45.91
CN(CCO)CCCCO,45.922
CN(CCO)CCCCO,45.922
CCCCC1(C)OC1CC,45.922
CC(=O)C(C)C(C)CCO,45.923
CC#CC(CO)CCCC,45.944
CCCC(C)CNOCO,45.947
CC(COO)C1(C)CC1C,45.949
CCC(C)OOC(C)CC,45.963
CCC(C)OOC(C)CC,45.963
CCC(C)OOC(C)CC,45.963
CCC(C)OOC(C)CC,45.963
CCC(CCO)CCOO,45.965
CC(CO)CCC1(C)CC1,45.968
CCCCCC(N)C1CC1,45.969
CCC(C)C1CCC1CC,45.975
CCC1C(C)CCC1(C)C,45.979
CCC1CC1(C)C(C)OO,45.981
CC(C)CC1(O)CCC1C,45.982
COCOC(C)(C)CCO,45.986
CCCCNC(CN)=NC,45.993
CCOC(CCO)CNC,45.995
CC(C)CCCCOOO,45.997
CC(C)CCCCOOO,45.998
CCC(C)OCN(C)CO,46.004
C=CC(C)COCCCC,46.004
COC(C)(C)C(C)CC=O,46.005
CCCC(N)C1(NC)CC1,46.026
CC(=O)C(C)CCCCN,46.028
CCC1CC1(C)CCCO,46.031
CCCCCC1(C)CC1O,46.035
CCC1CCC1CC(C)C,46.037
CCC1C(OO)C1(C)CC,46.037
CC(CO)COC(C)CO,46.047
CCCC(C)C1(C)CCC1,46.05
CC(O)COCC(C)CO,46.055
CC(O)COCC(C)CO,46.055
CCCC(CCO)COO,46.057
CCCC(CCO)COO,46.057
C=CC(C)(C)OCCCO,46.062
CCCC1NC1CC(C)C,46.066
CCCCCCC1CC1N,46.074
COCC(C)(O)CCCO,46.076
CCC(CO)CCCOO,46.078
C#CC(CC)C(N)CNC,46.083
CCC(C)C1CCC(C)C1,46.09
CCC(C)C1CCCC1C,46.09
CCC#CC(CC)CNC,46.095
CCCC(CO)CCOO,46.097
CCCC(CO)CCOO,46.097
CCC(C)(CO)COCO,46.1
CC1CCC(C)C(C)C1C,46.105
CCOCC(C)(O)OCC,46.107
CC(C)CCCC1CC1O,46.11
CCCC1(CCC)CC1O,46.111
CC(C)C(CO)OCCO,46.127
CC(C)OCC(O)C(C)O,46.128
COC(CO)CCCCN,46.13
COC(CO)CCCCN,46.13
CCC(C)CCC(C)C=O,46.13
CCCC(C#CO)CCC,46.137
CCC(CC)CC(C)C=O,46.138
C#CCCC(C)CCNC,46.144
CCC#CCC(CC)NC,46.155
CCCC(CCCO)OO,46.155
CCC(C)CCC1CC1O,46.168
CC(CO)CC1C(C)C1N,46.185
CC(C)C(CCNO)OO,46.19
C=C(CCC)CCCCO,46.191
CCC(C)CC1(C)CCC1,46.193
CC(C)(C#CCCN)CO,46.194
CCNC(C)CC(O)CO,46.198
CC(CCO)CNCCO,46.212
CCCCC(C)C1CC1O,46.23
CCC(CC)OCCOC,46.24
CC(C)CC(C)CCC=O,46.247
CC(C)CC(N)CC1CC1,46.257
COCCCCOC(C)C,46.266
C#CC(C)C(C)CCCO,46.269
CCCC(C)CC(C)C=O,46.269
CCC(C)(COO)COO,46.276
CCC(C)(COO)COO,46.276
CCCC(CC)C1CCC1,46.276
C=CC(CC)C(C)COO,46.277
CCOC(C)CCCOC,46.284
CC(NCCOO)N(C)C,46.291
CC(O)N(C)CCCCO,46.3
C#CCCC(C)NCCC,46.303
CC(C)CCCC(C)C=O,46.306
CCCCOC(C)COC,46.307
CCNC1CC1CC(C)C,46.318
CC(C)CC1CC1CCN,46.328
CC(CO)N(C)CCCO,46.329
CC(O)CCC(CO)NN,46.331
CC#CCCCC(C)NC,46.333
CCCOC(OO)C(C)C,46.335
COC(C)CC(C)COO,46.335
CCCCCCC(O)CO,46.335
CCN(CCO)C(C)OC,46.337
CCC(C)C(C)CCC=O,46.343
CCC(C)(OC)OCCO,46.353
CCCCC(C)(O)C1CC1,46.354
C=CCCNC(N)CCC,46.356
CCC(C)(N)CCCC=O,46.356
COC(C)CCCCCO,46.357
CCCCCCC1CC1C,46.359
CCCC(CC)COCO,46.362
CCC(O)N(C)CCCO,46.365
CCCC(C)CCOCO,46.375
CCCCCOCCNC,46.389
COCCCCC(C)CO,46.393
COCCCCC(C)CO,46.393
CCCC1(C)CCC1CC,46.401
CCCCC(C)C1CCC1,46.405
CCC(C)(C)CC(C)F,46.414
CC(C)COOC(=O)O,46.414
C#CCC(C)CCC(C)O,46.419
C#CCC(N)CCCCC,46.421
CCC(C)CCCCC=N,46.44
COCC(C)CCCCO,46.448
COCC(C)CCCCO,46.448
COCC(C)CCCCO,46.448
CC(C)COOC(C)CO,46.449
CCCC(CCO)COC,46.449
C#CC(CCC)CCCN,46.451
CCCCC1(C)CCC1C,46.469
CCCCC(CO)COC,46.473
CCCCC(CO)COC,46.473
CCC(CCOO)CNC,46.474
CCCC1(C)CC(CC)C1,46.481
C#CCCC(CN)CCC,46.485
COCCCC(C)CCO,46.495
CNCC(C)CCCOO,46.496
CNCC(C)CCCOO,46.496
CNCNC(C)CNCN,46.499
CCCCCC=CCNC,46.503
CCC(OC)C(C)COO,46.504
CCCN(CC)CCOO,46.512
CCCC(CO)CCOC,46.514
CCC(O)C(O)CCCO,46.516
CC(O)C(O)CCCCO,46.526
CCC(C)NC1CC1CC,46.535
CCCC(C)COCCO,46.542
CCCCOCC(C)CC,46.542
CCOC(C)(O)CO,46.542
CC#CC(C)(CO)CCC,46.542
CC(C)(CCO)CCCO,46.542
CCOCCC(C)C(C)O,46.542
CCC(C)CC(C)COO,46.542
CC(C)C(C)(C)CF,46.542
CC(C)CC(C)CCCN,46.542
CCC(O)(O)CC(C)C,46.542
CC1OC(O)C(C)C1C,46.542
CC(C)CCOCCCO,46.544
CCCCC(C=N)CCC,46.545
CCCCC(N)C1CC1C,46.55
CCCCC1(CCC)CC1,46.551
CCCCC(O)CCOC,46.553
CCC(C)COCCCO,46.557
CCC(C)COCCCO,46.557
CCCC1C(O)C1C(C)C,46.557
CCC(CCCCO)OC,46.559
CCCC(CC=N)CCC,46.563
CCCCC1(C)NC1CC,46.569
CCCC(CCCO)OC,46.592
C#CC(C)(CCCC)OC,46.592
C#CC(CNC)CC(C)C,46.597
CCCCCC(C)OCO,46.605
CCCCC(CCO)OC,46.607
CCCOCC(C)CCO,46.608
CCC(C)(CO)COOC,46.613
CCCCCCC1(C)CC1,46.624
CCCCCCC1(C)CC1,46.625
CCCCCCC1(C)CC1,46.625
CCOCCC(C)CCO,46.625
CCC(C)(O)COCCO,46.629
CCCCNC1C(C)C1C,46.629
CC(C)CC(C)CC1CC1,46.634
CCCCCCC1(C)CC1,46.64
CCCCCC1(C)NC1C,46.642
CCC(C)NNNCNC,46.652
COC(C)CCCCCO,46.653
CCC(C)(COC)COO,46.658
C=C(C)CCCCCNC,46.662
CCCCCC(O)COC,46.666
CC(C)CC1C(C)CC1C,46.666
CNCC(C)(CCO)NO,46.672
CC(CCNCN)NCN,46.673
CNNC(CN)CCCN,46.677
CC(C)CC(O)CCOO,46.679
CC(C)CCC(C)C1CC1,46.713
CC(N)COCC(C)CO,46.724
CCN(C)CC(O)CNC,46.728
CCCCCOC(C)CO,46.733
CCCN(C)OCN(C)C,46.75
CCCC1CC(N)C1CC,46.751
CCCC(C)OCCCO,46.765
C#CC(CCC)CCCC,46.765
CCCCOCC(O)CC,46.766
CCCOC(C)CCCO,46.778
CCCC=C(C)CCCO,46.78
CCOC(CC)CCCO,46.781
CCOC(CC)CCCO,46.781
CCOC(CC)CCCO,46.781
CCCCC(CO)OCC,46.794
CCCCC(CO)OCC,46.794
CC(C)CC1(C)CC(C)C1,46.806
C=C(C)CCCC(C)CO,46.807
CCC(O)C(C)CCOO,46.813
C=C(CC)C(C)CCCO,46.822
CC(C)C(CCO)CNO,46.823
CCCC(O)CC(O)CC,46.825
CC(CCCCN)COO,46.826
CC(CN)CCCCOO,46.829
CC(O)COCC(C)CN,46.843
CNN(C)N(N)CCCN,46.852
C#CC(C)CCCCCC,46.858
CCC(CCCCN)OO,46.859
C#CCC(C)(CO)CCC,46.862
CCCC1(C)C(C)C1CO,46.87
CCCC1C(C)C1(C)CO,46.87
CCCCCC1(N)CC1C,46.877
CCCC(N)(CO)CNC,46.893
CCCC(N)(CO)CNC,46.893
CCCCCC#CC(C)C,46.898
CCC(C)CC1CC1CC,46.899
CCC1C(C)CC1(C)CC,46.906
CCCCNN(C)N(C)N,46.908
CCCCCC(CO)CO,46.918
CCCOOCC(C)(C)O,46.919
C#CC(CC)CCCCC,46.927
CCC#CCCC(C)CC,46.931
CCC#CCCC(C)CC,46.931
CC(C)CC1(C)CCC1C,46.932
CC(CCCO)CCCO,46.935
CCCCCC(CO)CO,46.94
CC(C)CCCC1CC1C,46.947
CCCC(OCO)C(C)C,46.948
CC(CO)CCCCCO,46.949
CC(CO)CCCCCO,46.949
CCC(CO)CCCCO,46.957
CCCCNCN(C)CN,46.958
C#CCCCCCC(C)C,46.967
CCC(C)CCC(O)CO,46.969
CC(CCO)CCCCO,46.975
CC(CCO)CCCCO,46.975
C#CCCC(C)CCCC,46.983
C#CCC(C)CCCCC,46.984
COC(C)C(C)C(C)OO,46.986
CCC(C)COCCNC,47.002
CCNCC(N)N(O)CC,47.002
CCCCC(CO)CCO,47.003
CCCC(CC)C(O)OC,47.003
CCCC(CO)CCCO,47.003
CC(C)CC(C)C(C)C=O,47.013
COCCC(C)C(C)CO,47.013
C#CC(CC)CCCCC,47.016
C#CCCCC(C)CCC,47.02
C#CC(CCC)CCCC,47.028
C#CC(CCC)CCCC,47.028
CCCCC(O)CCCO,47.03
CCCNCOCC(C)C,47.035
C#CCC(CC)CCCC,47.053
CCCCC(C)C1CC1C,47.06
CCCCCC(O)C(C)O,47.069
CCCCCC(O)CCO,47.092
CCCC1CC1C(C)CC,47.125
CCCC1CC1C(C)CC,47.125
CC#CC(C)CCCCC,47.128
CC#CCC(C)CCCC,47.128
CCNN(C)NCCCN,47.13
CCC(C)(CO)CCOO,47.133
CCN(C)CCCCCO,47.135
CC(C)OC(OO)C(C)C,47.139
CCC(CC)OCCNC,47.141
CCC(CC)OCCNC,47.141
CCCC1C(CC)C1CC,47.16
CCCC(CCC)C1CC1,47.168
CC(CCO)CNN(C)C,47.169
CCCC(C)(CO)COO,47.188
CCCC(CCN)COC,47.192
CCCC1C(C)CC1CC,47.192
CCNC(O)C(O)C(C)C,47.206
CC(O)CCCN(C)CN,47.211
CCC(C)C(CCO)OC,47.219
CCCC(C)(CCO)OO,47.24
CCCC(CC)CC1CC1,47.262
CNCCCC(C)NCN,47.263
CCON(C)CNC(C)C,47.266
CNCC(C)CCCNN,47.269
CCCCOC(C)(C)CC,47.279
CCCC(CC)C1(C)CC1,47.291
CCCC1CC1(C)CCC,47.295
CNCCCCC(C)CO,47.305
CC(CN)CC1(C)CC1C,47.308
CCCCC(CC)C1CC1,47.313
CCCC(CC)CCOO,47.314
CCC(COOC)C(C)C,47.321
CCCCC1(C)CC1CC,47.321
CCCCC(C)CC1CC1,47.321
CCCCCC1(C)CC1C,47.323
CCCC(CCCN)OC,47.329
CCC(CO)COC(C)C,47.338
CCCCC(C)(CO)OO,47.338
CCCCC(C)(CO)OO,47.338
C#CCC(CC)C(N)CC,47.348
CCCCC1CC1(C)CC,47.349
CCCCCC(C)C1CC1,47.358
CCCCC1C(C)CC1C,47.358
CCCC(OC)C(C)CO,47.372
CCCC(C)CCCOO,47.372
COC(CCCO)C(C)C,47.373
CCC(C)NC(C)COO,47.375
CCCC(CCC)COO,47.376
CCCC(CCC)COO,47.376
CCCC(CCC)COO,47.376
CCCC(CCO)CNC,47.39
CCCCC(C)CCOO,47.39
CCCCC(C)CCOO,47.39
CCNNCN(C)C(C)C,47.39
CCC(CO)CC(C)CO,47.41
CCCCC(CO)CNC,47.413
CCCC(CO)C(C)CO,47.414
CCCCC(C)(C)C1CC1,47.428
COCCCC(C)(C)CO,47.446
CCOCC(O)(CC)CC,47.449
CC(O)CCCOC(C)C,47.471
CCCCONC(C)CC,47.472
CCCC(C)ON(C)CN,47.485
CCCC(C)CCNNN,47.486
CCCC(C)CCNNN,47.486
CC(CO)CC(C)CCO,47.492
CCC(O)CC=CC(C)C,47.505
CCCC(C=O)C(C)(C)C,47.522
COCC(C)(CO)C(C)C,47.527
CC(C)C(CO)CCCO,47.53
CCCC(O)CC(C)CO,47.536
C#CCCC(C)C(C)CC,47.537
CCCC(CO)OC(C)C,47.552
CCN(C)OC(C)C(C)O,47.557
CCC=C(CO)C(C)CC,47.56
CC(C)CC1CC1C(C)C,47.566
CCCC(CCC)COC,47.57
CCC(C)OC(CC)CO,47.594
CCC(O)CC(CC)CO,47.613
CCC(C)(C)COCCO,47.621
CCCC(CO)CC(C)O,47.623
CCCOC(CC)C(C)O,47.629
CCC(O)C(CC)CCO,47.632
CCC(O)CC(C)CCO,47.634
CCNCCCN(C)CC,47.637
CCNOC(C)C(C)CN,47.66
CCC=CCC(C)(C)CO,47.664
CC(C)CCC(O)CCO,47.671
CCC(O)C(C)CCCO,47.675
CCC(O)C(C)CCCO,47.675
CCCCNN(C)NCC,47.701
CCCCC(O)(CC)CO,47.706
CCCOCC(C)C(C)C,47.722
CCCC=CC(C)(C)CO,47.726
CCCC(C)(CCO)OC,47.751
CCCCC(CC)COC,47.754
CCCCC(CC)COC,47.754
CCCCCC(C)COC,47.757
CCC(O)CCCC(C)O,47.763
CC#CC(CCC)C(C)C,47.766
CCC(C)CCCCOC,47.767
CCCC(C)(O)CCOC,47.777
CCCCC(CO)C(C)O,47.781
CCN(CC)C(C)CCO,47.802
CCCCCC(C)(O)OC,47.812
CCC(C)CN(C)CCO,47.814
CCOCCCCC(C)C,47.837
CCCCCCN(C)NC,47.837
CCCOCCCC(C)C,47.847
CCCC(C)CON(C)C,47.849
CNCCCNCC(C)C,47.866
CCCOCC(C)CCC,47.887
CCCOCCC(C)CC,47.899
CCCCC(CCC)OC,47.902
CCC(C)C(C=O)CC,47.915
CN(COO)C(C)CC,47.915
CCCOC(C)(CC)CO,47.917
CCC(C)CC(C)COO,47.918
CCCCOC(C)(O)CC,47.92
CCCCOC(C)(C)CO,47.933
CCC(O)CNCC(C)C,47.934
CCCCNN(C)CCC,47.934
CCN(CCO)CC(C)C,47.954
CCCCCCC(C)OC,47.962
CCCOC(O)(CC)CC,47.968
CCCCC(C)COCC,47.983
CCCC(C)(C)OCCO,47.988
CCCC(C)(C)OCCO,47.988
CCCC(C)C(C)COO,47.992
CCCCCC(C)NNC,48.006
CCCC(CC)CCCO,48.023
CCCCC(C)(CO)CO,48.032
CCCCNNCC(C)C,48.051
CCCCC(C)C(C)OO,48.063
CCCCC(C)C(C)OO,48.063
